image,target,kfold
avonwanlpmjublxobnbelmbqlhyhfs.jpg,1,0
aqdlngpcxkwcjimrenxphhaotwvgrs.jpg,1,0
pgcwnxabgnfyipgijoqipuobxoscct.jpg,1,0
hhvcwwflndvijdhxmkfuyjnclnbbzr.jpg,1,0
hzgmturbntrerjscgioxywsfaayuaa.jpg,1,0
wavcvmhtdtizmnguneqdgxmbtuqkxw.jpg,0,0
qxvqhymxgjzdnihalmsdigxyjtmyuj.jpg,1,0
igztlvxnekgvrhzouplmalwgadjooe.jpg,1,0
getiewdijstnrhqdfbogfcwalvcmen.jpg,0,0
rbtaseskopjcawwxcolgohkunftmop.jpg,0,0
bahdwupocidtwpmrhpwdkpdgysdpss.jpg,1,0
qdyhvtfluuvbqutuvpwuppwpctglna.jpg,0,0
hdbpxzzycbxmhtdjzgreegugifjikb.jpg,0,0
zbjsdulisnypinpppprwsqhdiyvvom.jpg,0,0
ahpuycvwilxiipkimwzumzvwtiegom.jpg,1,0
rrwtxefjhsdodbzipxvtfsawzglhsm.jpg,1,0
nfkiwtpchkbcfpcpryxdbfpnyodajh.jpg,1,0
esmvrdjcwstleaviidsugiofmjmemb.jpg,1,0
awztldxsdhvpliitmxpmnaxbhcwixc.png,1,0
xrljzwedeqovuytckfwmmsbpwntwul.jpg,0,0
cxpggaenxadozfeebdjhykalhvlzwz.jpg,0,0
paznidqwjluzvcfwqwtbicfntnhoeq.jpg,0,0
gvpxmmxppqjudjgopzedpjxypiptvv.jpg,1,0
lcqwzgqhokntxayegewyimaoivtoqm.jpg,1,0
acbcufgusmnchzbuiuxluaizkqvobc.jpg,0,0
doyfmrkrfntvborrdvoxnblajbljrr.jpg,0,0
atywjyglemsgynxsvkjfmtmfmizfbd.jpg,1,0
jbwenlwxtxyaqztgoicxacwxlqsjks.jpg,1,0
ecwyzrchdkydfhollnvgwqqafoccrb.jpeg,0,0
pvvzfihzishaquvkgqfxcftqqarcvu.jpg,0,0
vrsmwcirdmmrwrhqqspnhzexfaqtvd.jpg,0,0
jkevoxejdweimrvdqxcsclehlhgpte.jpg,0,0
mkdzhgfrqpgkvgmfjdzkgdljgxbuil.jpg,0,0
coqliuutcrbvczilweljtcvjsonnmr.jpg,1,0
ljqzxpjalisyoqanegsoibspydzays.jpg,0,0
pkvwddkwgdaqwemevcgdcsyklycgyi.jpg,0,0
ucroyqowxzlrfrcjxzhobrmwbekttr.jpg,0,0
onmmqmaclgxvvlojphsiyfiengoxcs.jpg,0,0
iqapowpcfoltnvxctelhwlqroknssd.jpg,1,0
fepflxwsprpjvagweolynfosnytarh.jpg,0,0
heuqhpcwahmjeeipvgluvesvgasxku.jpg,1,0
dwsgrqlfgrztnpkjwnwkgbofeaikcj.jpg,1,0
wygsvhwwvpsasnjiablgfraleeqxos.jpg,0,0
uxtsspzgfglzhdkpupxyjeqwjhkqua.jpg,0,0
yhmribvabgggpbtlllehizxkfqalqq.jpg,1,0
fstuusiywhuxkcqlgiunxqbbthjcjb.jpg,0,0
mpcirrtdelghdkqkypfmskbkryumyk.png,1,0
hfbevhhmejjmdndclkpyeyaideyjgp.jpg,1,0
vahmqzlbicjxilddkjgaefqmiugadu.jpg,1,0
ahragsfmvjjtciuuzvgbuahoqpjkly.jpg,0,0
dbjdjyhnbvblwhhnfzaahzhdezbbib.jpg,0,0
tffkinxuvgxoupdcbsbnzjzskzzhwj.jpg,1,0
brskgxgxzricfzbtutpmakgmbkeiry.jpg,1,0
xthwtlmcujmnkrqpwocxlyqmocpeaj.jpg,1,0
jneoqlrtawkpizfdhneqplgiayqcpk.jpg,0,0
wvvphaihzxuufdtdmajriikbsbzxju.jpg,1,0
gyufmuyplkhgejrjmsenqbbtcdaawf.jpg,0,0
ngvvhadzegowlxligtftkbucwyphvw.jpg,0,0
hgbhvmgchsixnirburjixmorloqwja.jpg,0,0
hykvvhqnuhxgjbtzbllxpdvjxkjkox.jpg,1,0
bypdthgrbdszfzyxdhptlbgmxbueyj.jpg,0,0
quszuahhdnqqnyzjpuynqrrgwhtxag.jpg,0,0
tqscrbcqdkpvdlzdmelyelbsmkfsez.jpg,1,0
fafcnwbkuuwiburppvdrmecsijfine.jpg,1,0
susniwghkxvtakeqtoqgzqcrtbvayv.jpg,1,0
cppeuzgqltblfdxsvwwzcrlorytkvf.jpg,1,0
hguumdaaqstpcffrlexqqlngjimmdo.jpg,0,0
nwbfhzwpelzlcvrxegcndhpqyfqgof.png,1,0
fqkgmohcyrwitoufxpoovwogpciawl.jpg,1,0
coailpnigqsodekojjozsixodaiafl.jpg,1,0
lfidtioamkcmvhswxwlchaqfwrspsw.jpg,0,0
lpzfzoqxdxihmbajczwrurtfpiyxsl.jpg,1,0
xfbrahzodrtdkgppzlsatqqnerpccr.jpg,1,0
exsgpqdwklswcjnraroqelbpxnoivq.jpg,0,0
vatseefspvsqhdhwgnuglbmbrmedde.jpg,0,0
zvhwdvmjyizivgkirrmygqdrjdaxcz.jpg,0,0
ovodrkrurbwedmjzbetggroiixdohe.jpg,1,0
iglbldmphntooxnjvfualqrmztimhj.jpg,1,0
ylzxdqpxqrmwexsyhyevghbgbxjqvc.jpg,1,0
fhikknnhdjhhefvrspitjwrvdiyxht.png,0,0
eiourdtjqltuzxrcniohobbxkfvmup.jpg,1,0
zbnvyactzihdmdquebdhgtufczfsep.jpg,1,0
ppdpnyylimrgedcfjcqvamcpatqskd.jpg,0,0
pnaofplnsbnqynjolxyptbtfkccxbz.jpg,0,0
pwhssnwqwkabxzuxxozfapxsllqvva.jpg,0,0
ahswlzuhcgpyjumleocamsdiulqqlj.jpg,0,0
kldmnfyleuehvuhrzcvzobrtkkzues.jpg,1,0
spkeezsnymkqnktyugkoazfuphzvip.jpg,1,0
ojgsvxzijwccsqajasebdkmbjdvrmv.png,1,0
wfgfnxerjwwaocegncznfyaueygyiu.jpg,1,0
xqdmuacwizwbjuohxxgwkvyoqwxyep.jpg,0,0
huolilhmkjmyercgadqqhrcfwwexxz.jpg,0,0
vizmjwxuqolzgehmjciyaxwqcpqbbu.jpg,0,0
zdjatrddbybgtgzijtkiapbtpilvyi.png,1,0
tnrflqyhayqftedyjuqnrxumrutztq.jpg,1,0
dunxkrdrwflfehxmvrbyewkyxecctu.jpg,1,0
xzmwloigjqhtpogryhhaercbsbayqn.jpg,1,0
xwtdzqtqfgriqpxznfomajsoopfarv.jpg,0,0
nkiosdfcgfxtfqgadwofgyxiyyflfq.jpg,1,0
lxdnuiynpuaqxlxtcyptuyyanaovux.jpg,1,0
rjbpcffujgzejzrdkuplntvxkskubv.jpg,1,0
vuezdvjdfalmvbeuvmpkzefxyzrdxf.jpg,1,0
cxxmnqdjxblkxkojspbzdgeoybkyxu.jpg,1,0
qnikpyngsxekcazlemvbfimnmrmwnk.jpg,0,0
vowykwetsbqrojhitqvjnahcsbybxk.jpg,1,0
pqeivzspfovrzggycpqdwpgbqdhaty.png,1,0
ithkkmgmiihhewlqiycznvepzxxaoh.jpg,0,0
llvmqgijbszwjhakwvfnmaaxurpcuz.jpg,1,0
wrgixgvogbvrvrvslnkuweluxuqlwq.jpg,1,0
tjztdiwdlzaczgiuxnefdthkjqamgb.jpg,0,0
mbvxzwqbhfoihcdlhcdemyvppbhxda.jpg,1,0
doebulowehyakthlkgzxotiyellgas.jpg,1,0
nuukxoletturavhpmprfeziaokevji.jpg,1,0
hfugennzaspblyszakjfezvwzgfnfp.jpg,0,0
kuoyuvkfoyfhbhpwwyzvsfqnnqqvdk.jpg,1,0
igmdwoiijzbvxgndvhpkteptrqlcrg.png,1,0
xrdqshulknhxmjvvtkeexsfxocfoxl.jpg,0,0
eodhtjbqngqohblzkawmgcdrejkxvm.jpg,1,0
jirnnxrgdbshaungrbvvvekddkeerh.jpg,1,0
amzoxvltkojolnikxzssjykerbvsch.png,1,0
lbygnlteqjorvaydrxitimxooycnsg.png,1,0
xydfmddsoanzmvokauiojbvuqimzdf.jpg,1,0
rxtxndoptaaqidlhulmpdmefkdpiyq.jpg,0,0
yqggczpviodhiralxnqqveapcvqjze.jpg,1,0
ergczyzhllvoskumrkngdpvqjjzfio.jpg,1,0
puqorndzkjfvoumnsalrxwtagkatzx.jpg,1,0
ppfbcnhfnqgnhkedevzxomwqrjtsgk.jpg,1,0
ehaiqgjrscawsjlalremwzcxmatnfk.png,1,0
muwaaudqjaipzexlmpbzindolmsaqx.png,1,0
aamrmacbsylkbahdhvcfmeqvgyjopc.jpg,1,0
jiglwqsexufypxdppnxrxpfknsdkio.jpg,1,0
evstzeujdndvuhnvkqaztcypobvlbc.jpg,0,0
syidwhoemyurceerefjrdqsnvuoedf.jpg,1,0
aqolwcmqkjwnyntqjxlwelqggfdxcy.jpg,0,0
onulkylxwphnvtitwdflxctukzbxmb.jpg,0,0
zztsdlnwthvfwwtwwuqskyssodjcib.jpg,1,0
onfmgfqokbicypriidugbfhcxvdebb.jpg,0,0
hqekuvpyyasgcjhbkttdepbndlinmy.jpg,1,0
eouybnsapmsazlkxozskmiobmzezts.jpg,1,0
prlpybipvnotlvwcapikjbcfyudycu.jpg,0,0
mjspxsagzusaznvnyxgamtrlqkqklp.jpg,0,0
oyodauphffgmzmvqlykcfvmyxartok.jpg,1,0
giigxikznzogtrwiqdlrgcdrhbndrp.jpg,1,0
wwsgrddjsqazdybqxotetodwmhfwro.jpg,1,0
wugjycuvvnvdomsjvtpvotqsvhpeyp.jpg,1,0
wsopsnkhekldjpjicfjdtgobrololv.jpg,1,0
kuvzssnqboopvvacenjfgzglajsfsk.jpg,0,0
cnyjqachaoirjtlwuvfmhuseblqzty.jpg,1,0
nafzzlvazyhqodcebnylpnmbctqwat.jpg,1,0
farjpgawowkvandaiyutqnfxllvokd.jpg,1,0
zgvgjdxlrhfgoepmagvuivhnmfuuoq.jpg,1,0
koyzsmvyanbokoocvaqszccxzprpza.jpg,1,0
dueetwolvbwjxqhmvrmhkjxoxjatxh.jpg,0,0
ehbimzgfxadawpajkdviszqeljafwq.jpeg,1,0
ljxfqpvspgpqtmbhhvqxovltludxlu.jpg,0,0
hcysrvramduefsgkkgvqbmxzlodgal.jpg,1,0
tsywmjkganubokfzqluqvfvhjcnsbm.jpg,0,0
iefkcrieoefusyrcyicncqjnmtxybz.jpg,0,0
sswwlrxvhyhstuiykurjkaxwesdxfw.jpg,0,0
xyallbtelawepbmsjjojbobschpdqj.jpg,1,0
oinqmmowhtsqovexkrmiuvebkdifgf.jpg,0,0
xxudpdlmzoqwbggnklivwrephxqgue.jpg,1,0
lpjfigkmftfajewyssranzkwawkuaa.jpg,1,0
atxgwqlbhmrkqcaxvuetfvhgauvcee.jpg,0,0
inrujatboubxctgxktbcqnuiemwrgm.jpg,0,0
bmxsckmkwapkagiozaynnonavjcgen.jpg,0,0
cjdycjgptonhopomfjmycbfswkfahz.jpg,0,0
iiocytanewmdbjhijzbaeukvprozkl.jpg,0,0
coovnsfdkljilkmozibvtrrocukecq.jpg,1,0
mynnjdjhlxqptwvfxdwdjvxegabhzd.jpg,0,0
vcyfvxrsvaluiinwhimituunqqfvwb.jpg,0,0
bmvnzkvdelwaoppjowbbezfdzyufzu.jpg,0,0
znuhfdsvytafkwfjqxbzuvyaehtpex.jpg,1,0
srhdxrxecwclnlkxjkpkfkppemyapl.jpg,0,0
nbsqacezbxfjxusnfjxrukaesvsaew.jpg,0,0
rcpyoocumwfiezbebdyxrkapachagw.jpg,1,0
zjpbqkpsiabpddevrrmmndvbinjutk.jpg,0,0
hgfhebhlukffugwvbwaufynionfkfo.jpg,1,0
oprgyxfhjuiuxzmjvmnfvppeibtqpu.jpg,1,0
hkkdallyhxmfjjchsoxesxebhtygvq.jpg,0,0
tmeugnpaguqbqiwpouunqzpczoucdj.jpg,0,0
vklfdggbpubyklvopwqexdutovabqe.jpg,0,0
wxnkpyvsxpcxhyfnnleacondpjnvlb.jpg,1,0
xiciddvkvdxqwokswmqbeoymaumzyr.jpg,0,0
iqfdzqvlknbkzeecldpilnfphuvkpb.jpg,0,0
whnxfhywbdrtjhlxruqxdkiyacmmut.jpg,1,0
uskyagfjmtbmenfhohuyztpaacvdom.jpg,1,0
vphrmwhbsmdanwgzrdxqtpuxoxayek.jpg,0,0
rrhknnbadttjkterflybfedarbxwxk.jpg,0,0
bcjtxzwosngtmfmhqjpwukughmymbg.jpg,1,0
zklunmytklhhzvtmufytsaihhfrgzq.jpg,0,0
xssuquzxphcmdrpcrurcedzxwazbmm.jpg,0,0
vzwnrtcythmbzyhohywmkcfqjtbnxo.jpg,1,0
cpnmrxmbyqddxsssfksmpotmiukzjy.jpg,0,0
gnyzdykynwgfkopwlswdcsvsicyhmv.jpg,1,0
vcozhttcspyczzezxxswrkpngzisqo.jpg,1,0
xmsiyprvibhtotywnzzvgtkpsjxrrd.jpg,1,0
doyhoqamjdzhrhbpojtvsttntwlvxw.jpg,1,0
mgiqmswpfmmadfzcpgeinzqkswkdvh.jpg,0,0
nkbuhxqaddijjvgcplsbxrnwexvmll.jpg,0,0
fsqlihawzshtlycpvdthekrazqqvmh.jpg,1,0
fixdgxhzcchvubfhadkvdfvefiohmc.jpg,0,0
mkastywzworowdxeuctnhvbhwcjlcn.jpg,0,0
lghflwzshvqnxymbaevpspfvpggsji.jpg,0,0
ywcnzhkqqkxrcrtpjgukymljcxyyyw.jpg,1,0
pmaphkxlnotdbgdqpdnptnvyzkwnhz.png,1,0
lezkptqmqeleaouzfmcpomptojvegf.jpg,0,0
oowtnstjoknvplkhunpdwrwcpxirvr.jpg,0,0
ysrcoczwayzltiuzsuujcczvnqancc.jpg,0,0
onyrjzzpcsvgfpgwminehgzddodtog.jpg,1,0
nnicvcsnojpjoogiukdyvyyclynvwg.jpg,1,0
jdptxyosmpkadzefqwdybhczwcetls.jpg,0,0
aubccvelyliywpqzgdpwypbivlksph.jpg,0,0
bcaihuylsfysvkykincbwuusrxreut.jpg,1,0
vxlghbeedbdqrcvqdeyptghcfekuta.jpg,0,0
idbmqgfkfblfxyoapbogjfzoihsawu.jpg,1,0
sydvpghajgyffkujckrbjuhmcxmmjt.jpg,0,0
heuuxfbctezhtpqdxzpzrgpkwjecro.jpg,1,0
sznikdxsxbwemsgidcfglqtmhfpoxu.jpg,0,0
ckofltoqmzivjbakehrnhycvqblhqt.jpg,0,0
vwogefxkinklwwskvbccplrerwduyb.jpg,1,0
vclmsjxnzxnycmysozzvofxmelueoy.jpg,0,0
lrwhajwqooqvuekbjpzmufussyxmkz.jpg,1,0
chayxrbgfnnnkqiyuwmyxonmkhzoya.jpg,1,0
wagdixiqflnlkuokezsvstjglnnewh.jpg,1,0
slpzcushaybmsibhkvcwyzfmxcsgkd.jpg,1,0
vcrhwteptppxtmhpzjozlvktyieyek.jpg,1,0
mzmafkljixvydxyqaosrmzslszvikn.jpg,0,0
zbbcssleemhzlzcmgjwyufhugdrwko.jpg,1,0
ofrtkzzqwymoqlacpghpvkmpxyjczs.jpg,0,0
hijxddncbcjlrtfnhxiiknslsottkh.jpg,0,0
jigqbjapcmrjvwfkrcjzukigiibttj.jpg,0,0
ygaawyqwpszncfgyyeympovkxinlhp.jpg,0,0
cfeetndnzhmalxewaafeorzbjfdkkp.jpg,0,0
rblxyebdxsswuozyyjmdcyuyqjmzcz.jpg,0,0
bzrmghogcsqxrnyseupryqumtlklqf.jpg,0,0
mzlbcxmlhimlebosrmupyfdenxqpvv.jpg,1,0
mzjjvzkzvqmyukzsegtoktaslejcdz.jpg,0,0
kzgroxmxsdfrkxusymupjaxumbwoow.jpg,1,0
qpnntburywwiwdkslpzaieackmscrc.jpg,0,0
zcxjtwmxqsdhgnoyscwzakmrxvyjcw.jpg,0,0
vsnbfyibouzmvezamzmtobvrakeupc.jpg,1,1
tnqlerkzdybeaavdttizowcnumddzl.jpg,1,1
raajqptsfsvqiwornvrvxijlkxrfia.jpg,0,0
bbnnirhwbpqrtjcxkdicxahpqepggl.jpg,1,1
jnjhuaftisdikutxavumxjnughgpwh.jpg,1,1
tbqoerqumsbyqligihafzerivmrjvj.jpg,1,1
knmagzinulmxsmpcbbjycblddpqzqp.jpg,0,0
kviztjbqgksyakfnhtqrndymtxunwz.jpg,1,1
rotqjlfvovubyjuxqzwgpyusyitmof.jpg,0,0
qtrbvsnsewhqleokilxynjjmxtqehd.jpg,0,0
pxuyttruriygpdgpljulkxpxquleke.jpg,1,1
uzewooxjwzphkroseskteuzyuzjgrr.jpg,1,1
pmwuvrgtczywvejtxppkhclzhtgdbc.jpg,0,0
fmfvfghsinkonxccjgusnozgemghyj.jpg,1,1
vedhvbabqrnliprakhxyvqsspvosvm.jpg,1,1
lexnlsmwaporqkigwsjrnmmakgjddm.jpg,1,1
dcwpsjckwixmxqskhpxcspulebewsw.jpg,0,0
eckxcaejqyvtuechtzdhqwvgztzsbl.jpg,1,1
lcglxofvtokphqgjwnzfqaxtjjrjsu.png,1,1
kplxullgcqwuckcinaveraggftjegz.png,1,1
ngindczbczghlbprdcypuesbqtcmbb.jpg,1,1
afmzqimbtnqmlobrcdmwrejtjqlcxf.png,1,1
xfpavtjcslgqpcodollaswowusfzcv.jpg,1,1
cedgvznnkdxgvubwvjbgqvxetzqipb.jpg,0,0
fingxvtrgywssidapmeibojfikcrlv.jpg,0,0
lwmdzzsaiixwqpkenspvmwbagjihmt.jpg,0,0
uzmtzrefcdahbwqvjntmfpcnvskkuj.jpg,0,0
cxcbhkudpsisssjflxuagoxflcoxnk.jpg,1,1
uynxxfgvcjlgzdgqnllpudghxemaut.png,1,1
sbeuyukmnjgyeaerbjcykdevmjtkpb.jpg,0,0
rvgcevyaokrqpeqrjizdmcqgffkwqb.jpg,0,0
cacwfcrwoztpldtkbpgyevdtveivnt.jpg,1,1
qqagdvzvzvpdpelujmkvfcdcxrgans.jpg,1,1
hankcxghyoazepdywzlbuuayejuntb.jpg,0,0
cyqpraocamaxzxaoivpbuybxmpcwij.jpg,0,0
eijlcxndtcvdunbcfsyskzeecytlnt.jpg,0,0
fqoupwfhdrmccemzqoftmcsfqxmizt.jpg,1,1
zdjeqwahvijdfbomkmwasawuxbvlar.jpg,0,0
jgwydywnuqwynmpqbohhhhxqvszsug.jpg,1,1
ufcmpdppruoridsesqcdoodwkybdtr.jpg,0,0
jpewusgxdbannlsilpjpmslukrkgsa.jpg,1,1
dnadyjmewxvquiaiwpxbiwtejdfovs.jpg,0,0
nbmzvzwjridginemsejzgvvwkixniq.jpg,0,0
bxazgghixladgkjuctwbbplfusnmuz.jpg,0,0
cnzwogmqaujdoaoctjcufqkmivzndh.jpg,1,1
kdbdyiqloxitodahlvstmxkqvlpgtj.jpg,0,0
votbkwfladhpqytknoggxfmmfmosyb.jpg,0,1
jvadkqgjujwjysijjllhztmycvtmzr.jpg,0,1
kjgubfzpwtlwkzuismodgzncsolkjj.jpg,0,1
xuwjsmyeocmdzyfdrfihgpidzainpg.jpg,0,1
astkaukqxmqjuyncgvwfzbydgbtlvg.jpg,0,1
qrszgqeyvimvdknvmkexzzotmlhvoh.jpg,0,1
ypsaowlspxltklyqbbvfqwohecbotw.jpg,1,1
bokaluyqtprwstaomabkyywzpnrngs.jpg,0,1
zlvfjbpweenvarxlpjomdogsenjovp.jpg,1,1
nfabxlejvjjptbithckvmwxiyxrrhr.jpg,1,1
dxzrogtvgozaougbwabycxrljodbtr.jpg,1,1
uhwkqxrhlnkpwowtxbesjfwzazhxxr.jpg,1,1
lacasfvnrbzdpjprhyqirjkqntbhal.jpeg,0,1
mfilemgdhvflelidqsradfkrvtqcmy.jpg,0,1
kotqjibebsulvxwywnzpesxzmxnkmv.jpg,0,1
qpuwejyllmynnmgmiyniudatsuqyaf.jpg,0,1
csuuwclepbakojtvhlplvxenlnqeob.jpg,0,1
tvuhdlhawdfyoolgnlvjblmhlvhnod.jpg,0,1
rvrmjcalhqdskhzzddwmvztgpnzucl.jpg,1,1
kqymrnopfkwvtkjaatnzkyreiprmns.jpg,1,1
ysfxfqfsclwknvfvptcumiowxglpqx.jpg,0,1
ireaconaqcgczoiwfpyledyngsfbjk.jpg,1,1
dhehiouqegpspfnclnohhsebenkdoj.jpg,1,1
zkkjwcbflswhblwenbtuoncocithsf.jpg,0,1
rtccxhqclbisjkpfsdsidtgufqcmzf.jpg,0,1
duklcvxoojiiwicpknlsfmixvorlds.png,1,1
avkicuxahzozhlebetkvlzrsnmovcm.jpg,0,1
rlavyoidildcmfmjxtuwmnrcsvcxtv.jpg,1,1
kmychspsemyvuwmmrpzatjqixkaylj.jpg,0,1
btxrtykxyndbccgvyboscqgesotvhy.jpg,1,1
cruutpydetlyxxnzfjkedebmqxawxh.jpg,0,1
fcfxeivmcnzvbzjujnqfnyjripbhtc.jpg,1,1
dmxiuglmblflcszviponrmqjtgvanx.jpg,0,1
pruszffxzorshwrtgdlwuatljbpbsc.jpg,1,1
qjqklnywvybvtulyyikymclmtgawvv.jpg,1,1
liydggqgifvbzohqkhjwjudljdhuyf.jpg,0,1
pgmrvereabkbbzludfomyvwnmegral.jpg,0,1
eqirckpknxclvrlxvfxaswsodbxlmm.jpg,1,1
mxpvljalhmabtlrogfacucyagvrpzc.jpg,0,1
hzvudjfpugxukalkspxmtuxibfjixr.jpg,1,1
jobdntvzjdvfpqwategemzrugyheyo.jpg,0,1
upiguxxebyjkvclwydlyglewwlxods.jpg,0,1
tmccwfoucxyhvuyxkuvsjfozytxuya.jpg,1,1
ljioypzxsayfzmpzbdzksjtwgebsig.jpg,1,1
arklkremdlmwntimzthwdoyulrfwny.jpg,0,1
hnkqokgieyopckjbaenpdmgnpntnzz.jpg,0,1
zxbxybrknsjnwvnzdoyvduxocvmhcy.jpg,0,1
wkpckjtijsxyrygjqwnmrfregbebln.jpeg,1,1
vavfrsesqwyfzsyhsxqgelkjfbpznz.jpg,0,1
qfzjlvwypfhaduhpbwckzctsuqnxsp.jpg,0,1
ntggzagrsbptwzioinxojyzfredhne.jpg,1,1
anucwhkyyhlkxnlbkmuqnxqmxsbhta.png,1,1
yyjdtnkxdhpuycghpnzxtwxfctxljf.jpg,0,1
gsrkelpufbyhyoryilxvbkdtmdlxrf.jpg,1,1
dyptlmycbpowmtzaralzdgnxgozdlo.jpg,1,1
gxcddcokodvhhuwipfpbopbnsikinn.jpg,1,1
plyrslrsvfagfuxmbxwywfacilbeox.jpg,1,1
gasebinrzzlngekakwjbrajmnslllv.jpeg,0,1
xdovauzcyozonedjdnhyifihxzpzac.jpg,0,1
syfjyaditohtaxhsvfxfcvseqbmeya.jpg,1,1
yyryzthcpgyiuurzmfwpgisjfmhvos.jpg,1,1
rpsyomvfelvtgcuwahmjpzzajzsbxb.jpg,0,1
yvnbhskxbhbhmpjdgfbaxbfamyurft.jpg,0,1
ylgyltxagvhsmfcawnzdubhlrnscmw.jpg,0,1
esnluvhtqidrmszlwleweibivslvrr.jpg,1,1
nafxvtltrsnzawzesvlhrhogoyhhhy.jpg,1,1
yfkwqrcyjfloklasitpkfkubsodlft.jpg,1,1
uqersobkusawmkpnxmeppqpydmswpc.jpg,0,1
lfpqyqobvryudfxxcabcncphmtavle.jpg,1,1
ztkarwcdrtkcugmxfsrrqhrnvtfdwl.jpg,0,1
ybxkrinbuygrihovnjukchychbqpgx.jpg,1,1
ylxeiydkcifgvqtjxslawmjtydssls.jpg,0,1
ghrmrfrolhxyxvjxptjaiaixlbholy.jpg,0,1
bnsqhptlglmoenyzgkrbcyxsznizfb.jpg,0,1
azgujihjrssbfelgjrhcrebstgmqau.jpg,1,1
uctayocprzifcynfyffttsnjpmeorn.jpg,0,1
eqwpusalrfwfmvgdlowponrletetye.jpg,0,1
uumdctaoqxedwurlpasaemsuwaarcc.jpg,0,1
ablhcfuyqnkcanakxmpreufqycpgqs.jpg,0,1
yvrbjqlyidrstzvpyfiyroshdhpyzm.jpg,0,1
uloxavduwqpdmzwdmtyqbynukljvzo.jpg,0,1
nqwmnhkbvuocjnjrcgnmnhjhhvqhec.jpg,0,1
dusrdvulolkrvswqywrqcndcwzavmw.jpg,1,1
czzrmnxapwoytmvxmynsjeuroqdsdt.jpg,0,1
dobcmgwjiiurqultatbxuigachntms.jpg,0,1
rdoiauxzuiksyyuqofqzapdzuhcbjs.jpg,0,1
krwawhpsohqkntcpdihyaoyityyeil.jpg,1,1
zzvhkvgfjudiormxthpoglrmgvphgz.jpg,0,1
ldqowvydrrdihcpcdpsrwcvvypzwvp.jpg,0,1
tosktmljkjfdmmowiceorrsducmhrj.jpg,0,1
khnpcxzfluxnhcqpxbyvibhuiomwuy.jpg,0,1
qrrpnpukkwxkxnzbeondvlqqvljjit.jpg,0,1
zppvqmcinubivgfyydmsmshmjrebnc.jpg,0,1
prgpqwhfezochfstkmllzxramdcgdc.jpg,0,1
eodhhoakptpopitocuudmfaljlnxab.jpg,0,1
llpjfwbbvwvhfrnxgizgjtuzmoanvz.jpg,0,1
yazsmoufnxenxxgcspfqqsapuzrowe.jpg,0,1
qgydqdleqgzihizyafjulywlmqrkim.jpg,0,1
vtpnyeyupdwxmykjczbhacybmfpxyt.jpg,0,1
gzgiwpkzpxvezrswkevtepwikkkleq.jpg,0,1
qfcknaduwxoswgzztxvuylwanspozc.jpg,1,1
dcpnflnvxiemwvoeztorrnhibjwfuf.jpg,0,1
rlbmuajgezfiddjzlyeoupxpqubkpt.jpg,1,1
jhzpnsmcjbcdmetshxtyfbnzzffwyy.jpg,1,1
dqxvxxubawuwmythhsrxztgpopfvih.jpeg,1,1
jksxjzngyhlhjwmohzjijnqwvgpvtx.png,1,1
bmhlecdnfmddqxlykcvgjckrpgpppo.jpg,1,1
unpnnyrjadgobhkpzildjcepqywcnk.jpg,1,1
larixiqhxghvearjzgboqrrhzwevxq.jpg,0,1
rrlinfmdckrcpukpsamywkusiqmbxg.jpg,0,1
jfvibkctangesudfaldrvxfetrlqfj.jpg,0,1
uckabtcfikfnyigvguvdsxjphbqixe.jpg,0,1
jjeydmpeiumltwggrauihdyjijkear.jpg,0,1
yejtjqvmwykfupgbxztgisddkihejv.jpg,1,1
iyfvcbwzfaqgyhucpjkjarokthoxrk.jpg,0,1
rfhdqnmawaphrfwnpfxitmxbzjppxl.jpg,0,1
pckemkmgjbvdmhcthlxuxlqzmkyspg.jpg,1,1
qjdevwklwfzdkvwysyasxfpqmatcef.jpg,1,1
fycejvqxgxkxwoisphftuwvqheqori.jpg,1,1
uuzshfrhkgrkolhwdvliqauzulurnz.jpg,0,1
ccpskwjtxpkwxhowtovvbtrdxmzcun.jpg,1,1
vgpyzlbqwlqaadfqbwjzlhejmtipwj.jpg,0,1
lkoxarjwuqwmpidunwjkojklwclukg.jpg,1,1
vmsoqgjprcjtnfjoatgxdpjooxunty.jpg,0,1
hqkiscewcaqppiyjjuksivjwliehhb.jpg,0,1
vykszwgmkjokbdgsoaatoomromgrrc.jpg,0,1
vbhwvtwajbggbvmhdufuzbhairvsom.jpg,0,1
vsoarmucnvclvlqggmogjygdwxmevm.jpg,0,1
buqtwduolgzpbaaonfaoljoxoijpqr.jpg,1,1
kmyknxmqzetkaeiegexpirtonouctn.jpg,1,1
gvuvnlfasuyymmwljewpzgkmpaohrg.jpg,0,1
kprijurvnzbfnrdawwycboxdnvpfqv.jpg,1,1
ruumdlbzximznkdvthbbslwtoojgmh.jpg,1,1
iznrivnlbyzccwipdiopasoqkqpdjz.jpg,0,1
hpnmywojyjwgptgkflzydzenfxbtlr.png,1,1
fzndcjcmodhbdeunmladhvphggphiz.jpg,0,1
qsjnxrpaupjhcgikvqlhajcauhissa.jpg,0,1
wfrljvnhcchkfxboqpadkaumbaktor.jpg,0,1
osswldvlryegsqrzzahtctlfnudgpd.jpg,0,1
eyfruosenrvdfoaeonbxkwajgumlso.jpg,1,1
psifvwrylgembyiazjkjhvequaxpqn.jpg,0,1
txoznnnsfdzlrlfbfityvsnyhueecc.jpg,0,1
hxjwafskxmlfaotwaklzuwuccsbxfu.jpg,0,1
ymxaxlvgfgpohgbxezmtidtmoukirx.jpg,1,1
alerbvrcbgcixyzdlyffzbfkpdgwkd.jpg,1,1
ajchmdwktqtwitqgneeafxhidxamkg.jpg,1,1
tlqiandivcgezspueqmnfwpvjqvljv.jpg,1,1
qnksbtbkdfclllfcbvowgrmqqdxlwl.jpg,0,1
uflvwsbylljniplogotuxdtvjizuwg.jpg,0,1
uhtvagonubwtidabmaskzbmlwqbdvm.jpg,1,1
xednjuokdbmwqlxkkznahrkaikyjgr.jpg,1,1
vgicuoplaveehiznckgikoadfjkjlx.jpg,0,1
rfjxrkloxehbveazpxlsfdwsxpxypm.png,1,1
dneansozlgoktirzhykdooadkhiwhq.jpg,0,1
lycttvvlmfidyniqbvvmwkktwserol.jpg,0,1
nvqdkncyhnyankdznzuvfzynonqkon.jpg,0,1
xynjzgadtivwpzihfeputzfhesxyjv.jpg,0,1
kxffsezqghgudspenhfvfncosyhhob.jpg,0,1
jgrkuacafspvvcpdxeydeicyldovsx.jpg,0,1
ctphrbatrhaucvhkjbiocaaohfzctt.jpg,0,1
pkkcdqjewuwjmsgqukergsfsuazkfk.jpg,0,1
rehiddykktnnhwzupyadebpfdryvck.jpg,1,1
hiwgxsnpmjqzbprcwidavwhtgpaldv.jpg,1,1
uejmbngyvypadrzijtzhdrwobwwliu.jpg,0,1
qfeygtqkgfdtbmunzdmaralauijizb.jpg,1,1
xgpvctqkxpuljjixphprbdrkcuzfoi.jpg,0,1
cnhpwvnrhpynjtzaqywhjzmealvepr.jpg,0,1
xaldeoupzbrardnvwkjqgysgscnphw.jpg,0,1
wcfptsqwbisosjljrubgfekrpwiazc.jpg,0,1
ezpufvruyaycpcrcfuovbimxvhzcaw.jpg,1,1
exfkjarfpkqwyzpfkolhmyijlgluit.jpg,1,1
rdiupmntxodhniflujupeghdthrkno.jpg,1,1
yjhwtbrynmfyjvpnrixsjkhzwmuftc.jpg,0,1
hohsxxdwzmeqmcrpvnzmuooozbtvia.jpg,0,1
gkfzppfnyudvlfjjltjihfdeqxmbyf.jpg,1,1
zpfqpwuxxlpsshtufxtixxtivzbpfw.jpg,1,1
yqkmdiiogltaqdrprelrqditsdznbc.jpg,0,1
mtymkefmtnccepilrybitbnvuuhfwk.jpg,0,1
radafdaijhzgynzcvgpdiaqpddfwrp.jpg,1,1
wpicbsvbzhzohbcyqwnjmgsyogazme.jpg,1,1
wpeaomsfghnzjpbchnbeyfubtsppif.jpg,0,1
qrqhjgtolfxpujhfaqdmbnzbhkgddy.jpg,0,1
pbwavcntioittqeuygszeovrxnthay.jpg,1,1
lxrfdtvdhoqgjapvzxdqqdanzejizf.jpg,1,1
xtbhorlqannjmjkqntazwodlsjzofd.jpg,1,1
yzatnbwsgrqvqpsnxslzyfkckvoepx.jpg,0,1
gdhzlcfqsexrthbxdmldnxorvyonua.jpg,1,1
xnfgepdnadxffeymlrgklsjkzsrwof.jpg,1,1
jqvwfwufxhkznipxenyyzefofyxsxa.jpg,0,1
polqjnunfnulcgoyuhwcxlydvlheeh.jpg,1,1
kppdekvtprvcqwfdyxzpphaknjjfsz.jpg,1,1
mmjgypulumbxwwkcnaslzgxgrewytj.jpg,0,1
qquptmatjkzxuwkiigrxxmmqgrkodv.jpg,0,1
fwmtgqhmsnzriudqgiettemjaudwut.jpg,0,1
ozcpkmxublcrwkckedavpppxsflbyu.jpg,1,1
fcjuairujezzonrmgfkwygqpglkyls.jpg,1,1
dgclmkygpoghuheokjzhvblmzkzdin.jpg,0,1
cvkfdxcopqlrsadqmweypjtbmdsxab.jpg,0,1
qqaypycgxnhulhjiynknwbqgrcclka.jpg,0,1
ucjdirlyvruulxlqwujltutkkusvmg.jpg,1,1
gxoniiscwsmaaerouetsyezthremux.jpg,1,1
zawckdveggqsqhklbafqgdkpqjzivw.jpg,0,1
cwpopsihrhiapzrwdhyrbomfvxnwke.jpg,1,1
erlikrotyjjkqbrapvknuabpsmaewf.jpg,0,1
xtluzjxaopcsoqcjfcnxbqafleowfb.jpg,0,1
uzolgnfpdfgmgrdcbpoqlpqcrqpwkf.jpg,1,1
ulnjnxlyhzgzocbrdprrhkksccjugm.jpg,1,1
jlktvfsmpqlvkrrqdgasnhoakjrjqj.jpg,0,1
blndjtttrlsvlvcbsrflouowheehrc.jpg,1,1
yxgrmdjqmsjmigzdpavsyuvkdxifrs.jpg,1,1
ecuptzpfygltduxkcfcdmuwgwgabpp.jpg,0,1
izkfunqylvjvtyzxxvjzlggtjtijfi.png,1,1
xldajzjowwjicdobedukgexygviowv.jpg,0,1
qoboicanpqoqgtdtpbpujjucxqfuqt.jpg,0,1
ycjycyfacirnrqpeuddgyaxamspjvz.jpg,0,1
rpvmnudowajssmsrbvtrddxdqbndlq.jpg,1,1
dbegrxzxpmcxwcvgkgnbcjrmsthuyj.jpg,0,1
ofpvlsvfmxdlakaztvzwwdegjvdofc.jpg,1,1
pkhjirmztlengyvcyryspaanbyyncj.jpg,0,1
nnjeveoldnmxhnfaumqddbihrxvxfw.jpg,0,1
rftqcdlvfxatxhauwjymyodlmwqhfg.jpg,1,1
zvzkkzsfdqmjtlrhvthrhdtepmqsid.jpg,0,1
wcztjsgjilvgcqrtjrmfcuccakrdpx.jpg,1,1
cgwdqwlcoccoxkgsojluuxxruomhfb.jpg,0,1
csoqfmptkoxwkmkgvqijdkdcisegml.jpg,1,1
augqgteilmkcvkahfvognxdnegfkqh.jpg,1,1
ynqfdwpfaglatxhmsyhudkaobtjknj.jpg,0,1
fohxsjmbxsoevtjrjdlmghiuiqliph.jpg,0,1
pmsrgfqsvkwejgxorxgepvewttdxkr.jpg,0,2
cjsjioqkweumqcnobaydijuvfvtrel.jpg,1,1
qyqvkjizaxvsfcgnhurnzbzmoxbltz.jpg,0,2
bepkxvwpehwdzhpqsminxiiusoitjo.jpg,1,1
bumysvveeazrijrxjggemuksmzrnxo.jpg,1,1
nhjvztqdqtiiriktdreonfvbborddu.jpg,1,1
yoewqnzdgdhogcwdageakflfeogisq.jpg,0,2
kudirqrbnyrkjtlbrtlvqerreevrgp.jpg,1,1
ceqdxlmbzctzmurwdxbknlxqjsudce.jpg,0,2
ladmuplnxsmwnfkzjgcwxxiiwouduk.jpg,0,2
gbkwnxvtghembeknvbhaynwxnxlhjh.jpg,0,2
sbcnvulixmcbjezgosfkshdcsbovtb.jpg,1,1
fgtyzqjuatsdfpstjjoygpbxswbqdw.jpg,0,2
xlhcdybuwdqyzrnlqrkhtmspqxdbqm.jpg,1,1
xnmqcenjtxcygxztcjewynbtpczrlm.png,1,1
vbyadivqvhndajgtrtwznqindzqgju.jpg,0,2
zozjmbbkkzxemobwbhftgskxlwmnwi.jpg,0,2
tgssmpuowujszxqpjvxgwyymzbkikx.jpg,0,2
jawvljuifsyleiijslvwujhrqhbwqb.jpg,0,2
sdjvggdwhfxqtxjgkcxxdquukvvsxa.jpg,0,2
juorxdrpbajlawyahstvwdoddptwlk.jpg,1,1
udkthuomyvqkftcqdheuesblkejojp.jpg,0,2
djzdqczfwvrsxvdevsnilzqmtmepjx.jpg,0,2
yvqaugmktlxunneeojbdaadpgzllio.jpg,1,2
ehfnvpictkwhhnzmtsypriqbfknrgn.jpg,1,2
zzkykwuddhweeowmgfkmfzrbeoqylp.jpg,1,2
gknekhtxumsiktsbnrmczrczxalrml.jpg,1,2
zaemovvkdftxvorancdugwjzuodbmm.jpg,1,2
vdpugobucuokeehjvyplboxzbqveft.jpg,0,2
ziagkgwltrjkrjvbbpnzctjefiiskg.jpg,0,2
cqlnluvdmthsupoqpmeakhwacncjes.jpg,1,2
ajfldfzndyfdodmknemntrnnbmyjry.jpg,1,2
lcbiefkxtcoogzfkkbuzmjpjseaebq.jpg,1,2
kbfprdfmuicvutpvutvwhctequtcvv.jpg,0,2
embrjjkivqljstbjxqealmnaikwuxr.jpg,1,2
ntmeirfkhiktgyzyegesnlqrsgmbsf.jpg,0,2
ksqecvsnltcyxdcldmxtjdntyoycrw.jpg,1,2
vyldpdmxxktxmgjuercfvuhmlttvqb.jpg,0,2
ljfoynumcuizbsbazmtcztwvqsiqks.jpg,0,2
yynytdunmamenhqlhvnmphhhhbovmm.jpg,0,2
bakyihlfeuqedfiasisbhaltyyhhzp.jpg,1,2
dxtrdikuzexsokwddvpdyoywovrekg.jpg,1,2
zoazisfzdglshxfajmhqgkuwjaprqr.jpg,0,2
rcxywpuskfedmzzdlsgdchydttahky.jpg,0,2
xhruirxirjxtuugrhhhumfbfslhhwy.jpg,1,2
hpurkuyxligdvrhgbtibxzbmkbvvzc.jpg,0,2
tkwoxmrmbiepsavmqvuarvdufgwyga.jpg,0,2
eovlaektknghkpghvyrafpoaxjrdnd.jpg,0,2
ayoltpbaswdlkawidwfyxuzuepxbdv.png,1,2
zjrtntxkczcpztzwvennenqdlvzenm.jpg,0,2
lxzynbetcyiklhdyzzmccnphmutysh.jpg,1,2
bpwzubqeojttiklnrskmqheackknsn.jpg,1,2
beawbpzupyaqkmkezucjpdqahqybxx.jpg,1,2
muteikifrayeljjgliwamyorikpbgx.jpg,1,2
gcfjvimyajtagycfofeygpwkyuhxoz.jpg,0,2
dfqkkbuzpttzniwjarlmkhbxsdouoo.jpg,1,2
eoyfnldavjpyxjmxcvgxreuoleerng.jpg,1,2
gzmchbgmbiwuyckveuenjgkutgaoqk.jpg,0,2
oxwdopunokwctggrbwuloaqxynuqkl.jpg,0,2
wbkyhzfxathhiyipzpkzotbknnulnz.jpg,1,2
nvuocdjbjrwocarelmqlggthhwhfyu.jpg,1,2
jwghapwjcmxmqiohoeavwpazwuvsqr.jpg,1,2
mxsarhinfukeiggfwdtntwxuwxkjsv.png,1,2
yapsawxxzpgssccvmkdicpapyspgbe.jpg,1,2
xledbmwwfajbljtzrbluxkhwpjtdyq.jpg,1,2
wgorjgqlvosnettfjuhkqopzqdsrzn.jpg,0,2
ptpvmwazzkhcsbxhrnflggepsqozbp.jpg,0,2
gfzzbdsqmxtuhebmakkqfchefhkcxc.jpg,0,2
kifdcntkkexmcwemlwqludsfizurxi.jpg,1,2
ovvsvrvfrfspbyqyuqbiofwuvfconu.jpg,1,2
vyllxqlsashikryptybxhgwltzrmqy.png,1,2
lrcgezouwidghhjybyzbqtzhmfdntp.png,1,2
jbjvrhaagikcfvbsctykaqltvwdqrt.jpg,0,2
bifznsjlljsdatbtmokwhhwoshezsg.jpg,0,2
vfwfhyvffqxlkjrrmoxyhqtkymdgre.jpg,1,2
sxniydiarotpallkxakejekesnivla.jpg,0,2
bfzywqezzscawfjsygusklocmwifue.jpg,1,2
fhbhkdyfrjsymzsvfxustejtuzqzlw.jpg,0,2
hzbycyfzfvrybvbpvohglfbqmirtva.png,1,2
fgwjrbepbyjmakbkjmqwbivmqwznez.jpg,0,2
etekjhnbxmblheabzurggqzrpeiscb.png,1,2
qmnjdtxpccsokmtoxckorwgzxxsgew.jpg,0,2
pthaqvmsrkjsivzkvrfmzffxjrhtlh.jpg,1,2
imbbprwvxqrjpywuortdkwytpfahhr.jpg,0,2
zbmmixvefcnotutstwrxzcxyjnqyul.jpg,0,2
ivhlscxcvysnkxhyhmadxjlsdksoxq.jpg,1,2
mfwyldpbvertahbsahupvdzqeligit.jpg,0,2
lyaheedwudtwkzslpvxsxysnjvvxxr.jpg,1,2
uvpqnqfujwsxhbgvfbvcidhcqnyuum.jpg,0,2
qtlxhrsgyifuwxfgezqohgkxjkyypk.jpg,0,2
ydrvekvlppaqqgwbjmjqfxwluazzxj.jpg,1,2
pvpwikrdhgtpmhbzqmlrjqzaygeayn.jpg,0,2
kdrbotkekmhedwikwlnwcrunggyzmx.jpg,1,2
cuyrcyiknlfplflhwhntqniyetqrdd.jpg,1,2
ccglfyhcakkzwlaufiuuabxhurdbso.jpg,0,2
btxlkthqwakcphyrimpedjjyxfgaey.jpg,0,2
ihgmzyexcvpdzxsazmgbxqoyouzoaj.jpg,0,2
shjmagcpzcbzjvybzvgwatukbbaxpz.jpg,0,2
owhmxfkbmwrpclupbcwpqrjgzajhjr.jpg,0,2
dnzimlvqpkwyhmsdwqwpuewzbdqzmg.png,1,2
ndjxcrftvbfeocnwaouxevwuxlroeg.jpg,0,2
xynhxtqglficaxzblmtggbwrmwhxid.jpg,1,2
jjbohndpkbfozxbruuvuzlkbpgzldz.jpg,0,2
ekhsqeikglgbtweorgldsicfxtomck.jpg,0,2
pucpmiivdyunxqjxigabqfqujjyyxs.jpg,1,2
avwvzassocxwtlojdywtsfadlhikll.jpg,0,2
rlmxgbcjhewmegwmlgmfpleeooabzr.jpg,1,2
esassakucannvulxjghgegguvlqalx.jpeg,1,2
zarkelwgccbevnpntosdonodvknyca.jpg,0,2
lurovcxqvkdzpyjuugsafvbajfortt.jpg,1,2
vbcancybsptbqsobsldvdnkahhxgtb.jpg,0,2
nyslltsenmncdrwigjetpkalwygdgz.jpg,1,2
iurrhmjxbxceorfaykgawuvrsakvmh.jpg,0,2
cyuhqosnymnrludnccguohuyyzegti.jpg,0,2
gmgpdflphzxcjngvqpgwqjwcnugelz.jpg,0,2
cardhcxwgvssmxwbbusexerokdxwzc.png,1,2
gkxebviifcnfepepkzewerqlksciqa.jpg,0,2
zodeyvphbleuyiuloskrsfttkhalfi.jpg,1,2
uaeqvxgwlueapnycgaifofwtkvodbc.jpg,0,2
pnjdzhbefitbhvmgitpnwriicqecha.jpg,0,2
tsdnumyxjxdtpmjzgsbuhaoibrbgur.jpg,0,2
kflxueojaerzuurnanzwjqconxmgvy.jpg,0,2
qmltykiislwklsklnzhcsrfsqwmaun.jpg,0,2
lrdurzwbgictzuceuaewbamqnfhbrq.png,1,2
jsioghmkkmygqjzjykjiudwknttntz.jpg,0,2
xtufvpqkfqlbucbyyiiuqqhawkwzxt.jpg,0,2
dmnoheipgfrpddjrompmbbeamnkdhu.jpg,0,2
cruflligcqifwoncmbkjzmzmvshxgd.jpg,1,2
pjkrbkhrpyvmcyzafzpeddwewhdqsn.jpg,0,2
pyjadmrpperkkiavagwhiuxyfoncxx.jpg,0,2
tuavqrwbvuiiquwvuqtxyhmggoqajy.jpg,1,2
drmoebbhqisquqphavixhalrxqnxvi.jpg,0,2
onyffqwtwwbgvwxhhvfypoauswcodw.jpg,0,2
jgpxinvsgafzqzgqcanyiorxkrxohm.jpg,0,2
xbrlzpewefprijoujwdmjufgermdwo.jpg,1,2
qmlmfjegeachhaaeifxoatlmkoaacd.jpg,1,2
jsunzhhoizlpdbzikcezigalacrvrz.jpg,1,2
kppkvjvggvydwzeljpfqoeskemxvnp.jpg,0,2
iqlsdbnjowiqswcdyghueaitkmnbjo.jpg,1,2
sveewpluezhyjjgpmvtpwbgollpmwp.jpg,0,2
riksngucvkfwkyahrmlczjyasojvwo.jpg,0,2
gqacfwfotqwlbvmobfdquaduwhdpck.jpg,0,2
dqkqlwspzvuqandxmjnevnuugebonm.jpg,1,2
ukidlyglhjokzipbptpwiprxemvcje.jpg,1,2
ngtxibxbbumuamptuptfiufsdbqtpt.jpg,1,2
rtomcxyndkdmzjbuhjqmcnzhcvexug.png,1,2
uyewthadxzfbmckhzhsndrchnfnepa.jpg,0,2
hjwetiuvurvgbrjltkrqnxxpqvqjxi.jpg,1,2
jvsaztemoymklkvejkvmlsoxymwqsp.jpg,0,2
iqrdqqjwyzbxigmpjoyizdbzxwywfy.jpg,1,2
tjpvlyiyhycyouaxgnvyimsvolrequ.jpg,1,2
ulxbbojlpaqhkjknzhqdghmetdkcdm.jpg,1,2
lzeoocbmavdnknwkbcmjiyvvakardk.jpg,1,2
fljvamzsszpwkqeorlousfurjgdxlp.jpg,1,2
xovvldznlqklyuonzbcimsjbzxrtgd.jpg,1,2
fxvcfrxiuugxcrdvdbfnchmqnjohot.jpg,1,2
fzzerkfxkskldmdivgqwytijtcgncv.jpg,0,2
cnbzcotscamiuegmdomzehahnjirwi.jpg,0,2
sgkacszfbqctjvnpsuzgqqvpoytpyg.jpg,1,2
crlejkufdsvxrvgsitttbafwokmbiy.jpg,1,2
ysttordljlmrdwshtbvifcuvbydeib.jpg,1,2
onqlhirnckescbcbflsmyavmtzyoal.jpg,0,2
odkmgpibkxltvzcjjnvgrzptqzqifq.png,1,2
nsyuicacwfiabdxiadkdzregwcpaas.jpg,1,2
sdnwpkzowelajiqebyrqmygeooeqmm.jpg,0,2
nlqbrtlzrqyxcaxccanryeedvnbwmv.jpg,1,2
mlldevmpqhoamrbrrlvnrktvlgfgwn.jpg,1,2
dzqqgepjddvbjfkbnhhqexbxcrhuyy.png,1,2
oibuhdkvlfblafiwcbwqxxzocmpnbc.jpeg,0,2
oacvephlszgjxklimxnctmjegievxx.jpg,0,2
iopyxvgfsnjpnezquqowpedwmesabx.jpg,0,2
dfiphtbjdqlbfwbrcavjuxniyhmuab.jpg,0,2
vhgnqgtnkxleioqiuggdjktyawralu.jpg,1,2
qvqhxwbgpskanqpsfbigdmbpkenvgk.jpg,0,2
asxjlptqlncdhuwnrmitrnfibrwvnq.jpg,0,2
qifbuefbcygcvnkykacoouejurpzxh.jpg,1,2
fuwljbuiohnagiaxljrwdwhmqhqobp.jpg,1,2
ozfxfueqfdwzhryxxflxjdvqmkhwqd.jpg,0,2
frriasrrutbfzggwldhrkzkkdtddbg.jpg,1,2
mdaiwelvdrvnwdvmiscgleenkqplav.jpg,1,2
zkqrcnoehtkudvxaaljjvudmwulurn.png,1,2
caaanbfdannyhhjhixwpagygktuagk.jpg,0,2
yjrjgpdvfiheceeufyqnavkttlseyn.jpg,1,2
rxgismgsvmaayzjarbfjaljhqmpbrt.jpg,1,2
dqzsjtgepucdjtkuyqesmirmsuirqe.jpg,0,2
ymzylicduucrjolqeskcegusxlvyoe.jpg,0,2
jekochvwutsuioxreihlbqqbelojdg.jpg,1,2
uppvtemhkneqggtbfubeccqjvyefiw.png,1,2
lfnymioyxniwuwtygcnjdwkjsvxhmh.jpg,1,2
yjttefbtlovuhrbbpdfvrovswjiuqd.png,1,2
zooycwpynberlhuuryszsaamazedzf.jpg,1,2
irpggwgdilveqldjbjiujbbaliueyj.jpg,1,2
stjfpwlmjugoohoeqvaoebagvubysc.jpg,0,2
fiqdcxovnvzymlxzrdahilaehlvwxt.jpg,0,2
cqpkwmcvjustitisurvvxhguqkqlcm.jpg,0,2
ajrloqosdahosahdgskiunbbgmzbnx.jpg,0,2
hsozemoydvjgwrrcjwczacsvvziofs.jpg,0,2
pfgxjwetmfsmdjoflxwgqrpcnzubvu.jpg,1,2
azadjuyizexjplduvaljrdnrjtanva.jpg,1,2
ljqwmijdoabltacwjmxpmfzqgrntni.jpg,1,2
asdkvskkjtxzuedzaecwnqblbcorxa.jpg,0,2
lewypbpoazikkpcihngwjntvyxopoc.jpg,0,2
ripdtzdedsorsqleqqeduzqcdjttve.jpg,1,2
xtknzzxtppwsfqilqmivpipwmhdryr.jpg,0,2
rwgkxuqqljwvhqrsogzlihhvzjabgl.jpg,0,2
lowaakkcreqjtebwflpyprybqrncjq.jpg,0,2
notbyaanldpimaiuliqkvxystzwino.jpg,0,2
nrkdbtxydiryrdlzhciurshtgvekec.jpg,1,2
qrzxncrfkjyavdjajjcksslcftadbk.jpg,0,2
lehjkmhecjnczgcqlmukifrditsuhl.jpg,1,2
ffszehfyrajcvlrynygukinvotlshg.jpg,0,2
zicacpsjfajdzudyzedyjjhumgulty.jpg,0,2
bmfuiqctvegtolqbbmcfomduklrgyb.jpg,0,2
dazkdezgehvbieiapklvcrroxflbwl.jpg,1,2
tclvydvddkbjllhuwxdvffpmcjxuif.jpg,1,2
huiiwjaunysepgwhcuunzfzsxrtoyz.jpg,0,2
bmipwwyounohgccldmwellfetufruq.jpg,1,2
tcgcmxqebwirykftgvichdlelkrsxi.jpg,0,2
smxnplbtgbfqyyjpexjufyeieeoxsu.jpg,1,2
hdwjqqdkarrqltwnslvzarpzmbnvji.jpg,1,2
bpsqgullbohggorgbajkjoktqvkapv.jpg,0,2
wqocnoddovcesbkosdplpzopryuxyl.jpg,0,2
hsdekumjteanhjgggeilimmmnsgizw.jpg,0,2
sozkygklirzemzkjuwtpqqlbkgjzdy.jpg,0,2
ajobyfcipqvzgtddqywsphgtewgdrx.jpg,1,2
ambbkpqhgtcwjofhbdceuorvkywjxc.jpg,1,2
memdyczsqlrlaywtweayfqkfooutrc.jpg,0,2
lhqpahksikiammhuktgjzczulprwrj.jpg,0,2
kxdrybuvxglafohrxfhxfkvhqmwuzu.jpg,0,2
qhvfxydwpweokfxfiwobhwzdomidid.jpg,1,2
qkishcozhztulvrhvodbabprxomeuq.jpg,0,2
rrglvnqfgzdkborqqpsqfeeehwqhls.jpg,1,2
gkkyvkssgzphtrubosqxyhkaihmixj.jpg,1,2
gpdzmbpraahoopwhejmqwivkflodni.jpg,1,2
atdwaouazthyftuuesnxnwlhsrpyro.jpg,1,2
tjbvltdkyvpuhunuqriwulmgznviiq.jpg,0,2
snmtnjbctzypzyowulzrjigrvealkd.jpg,1,2
ttuqxjhrmdqhppfxrbzgyciipwdxcf.jpg,1,2
lrkbgfnolnsagnfytsmwjmhvztiyhq.jpg,1,2
xrcnqqhbejambuvlwhikeznttypztu.jpg,1,2
cfyvfdnelarfyxmouktgsoooweofva.jpg,0,2
daojyiptizhycqshksqlpxqsnyxplk.jpg,0,2
wnwuicvjalgobfyplwhxebavyldipy.jpg,0,2
azhnlhylrgishwltvtvjwwddqpkbje.jpg,1,2
cwzcmlxrbqaooqbkorglcztgvodlod.jpg,1,2
tszmhququgjczggoxanwvdlzbdbxhb.jpg,0,2
vlcapgrrgkzxaanjypqcqdpbmiookm.jpg,0,2
cwinthcylkxogdbzmdegsdmrtdgsjt.jpg,0,2
pocrhzjbbeihsclqyybhdtrtbgfnyz.jpg,1,2
vkjjfilcpywjfvlodndfeovjgvnmxt.jpg,1,2
bbncsestiogrfkymcgbrpxajcokkox.jpg,1,2
fvalbwostdugdeyqukpbassdlstthi.jpg,1,2
uippqurtssjhoshshyeiccweauxnsm.jpg,0,2
htcjckxbidoioufvtnbnhksovbxbuy.jpg,0,2
iucvpgkqcgqthrcuwpdbakseqdebkg.jpg,0,2
wcvbkuahuncjccukyjnnlzvzchywzi.jpg,1,2
vbctisfxxpxuklgbyibqefeozpmgiw.jpg,0,2
cptrylokoqvforyrunlffjjxtfefyu.jpg,0,2
srfqemajcsxobwhyxurrrthvydfwub.jpg,0,2
tslxepigefkmddeykwqaewrygtslwr.jpg,1,2
mbfvsfzeavinlickncknujiiijozlp.jpg,0,2
qcintklpahsyflzcrevzlsmptelpaw.jpg,1,2
hqeofiflkshpmnrxlccsidhzmnuthh.jpg,0,2
fbapxijsbxkhhukxpbdhhujxetoqsu.jpg,1,2
nmrfconhojuuwqaszmvlzsnywysruv.jpg,1,2
gkyjkeedaemohdobanmdzbibahhdkk.jpg,0,3
spdcmncwcnpqagxrlivyldeknnfcvr.jpg,1,2
tfzyixafumiekytpfdocrfjzzvhvtl.jpg,1,2
kdpabiczbuqitjbdvxzvxvmdggsmcl.jpg,0,3
kpcznzbgvgwliaqhkcrwsusssykqvs.jpg,1,2
hpkpizxbhygjxpkggxunjnhzfquigs.jpg,0,3
ahntiidispqylcvpooobbrdsimenol.jpg,1,2
lvitvjvycvoytxlzlwgvypuhvpslip.jpg,0,3
vijkbvsrsmeurpxvwagjotamxlbrgk.jpg,1,2
rsrhondgwszfonirfiliehbxuwhlpr.jpg,1,2
lfyovujiqapybinajxayjznpcehjts.jpg,0,3
pfhdkjlmhlatgfauqnoagoubkxccah.jpg,0,3
soyhkxrqtufukyftfoiswmawjykygq.jpg,1,3
bzplufpvmvfbbmbpqrozifdlelvjcf.jpg,0,3
saajghmghgmnlwlyogbiplxvnhvdec.jpg,0,3
bryydceebocakswstrbehhcavohezb.jpg,0,3
iggycbsegvgyvgrmpiaydouercfbfy.jpg,0,3
httisaslaqttgyopyxnjjmxqsqzwys.jpg,1,3
kotklhjvdxxfwcjfaeienjtzcdllyn.jpg,0,3
uwqxqtbugdixakfddfeofoycdynlzb.jpg,0,3
hshqnfrbqdlkgqltoyqkrexkorfjre.jpg,0,3
xnyzpubqutaneagsdiptpeyzjyjixh.jpg,0,3
tymkjmdvwpcgmrzfzeauxkveghfpvu.jpg,0,3
xygofrhejiubcnftksdkmxbwarwodi.jpg,0,3
gvryvlubplzelzmzewqhwohzqtljdw.jpg,1,3
mdozhuqmfaaadkupgglsopycnsjvbc.jpg,1,3
rwewqiizlikiupmglroawuashwktcw.jpg,0,3
alcepsjrautrknnxxdnkraldhveert.jpg,0,3
vatrstfzimhxetywhntyjsmxqaiurw.jpg,0,3
nhhffgrvqnsprkqlqnotosheujntzs.jpg,0,3
trgdslyznzcnkejjabvoetbimapzpu.jpg,1,3
gqmexiddrtuljtycctgadegzqycifc.png,1,3
wykodimykvcrclldklvwugnhnptero.jpg,0,3
pmdborhabcjrdbdkhwiiezkmkzwnvz.jpg,0,3
etdttnaofpvzbpekfuymfliovmwxxk.jpg,1,3
uqemxrpkidnoqugrinhsjfvxsftqeu.jpg,1,3
rcrvbtptdmplhabjxrbrmxofgwcfck.jpg,0,3
xxtbbtxrmahmoenymorwiwzqexskaz.jpg,0,3
dzjseqqhiwqnxopkdrxmkgxhqipjbl.jpg,1,3
repsmzcabcfwcpxwgrpsbhbqfeeegf.jpg,1,3
mpqmbhaysqzjmfibhwygwngzfopnfu.jpg,1,3
xjaxtjkekahfcifoqlgllswwfyebug.jpg,0,3
dbiadtjlgrzzqoghwvdutgcmamwyle.jpg,1,3
shmtmwkqlkkoyxtnqfoxvxmljlvkpc.jpg,1,3
sczhdwamqbmpolozkmncxyqtcwcbdd.jpg,1,3
ncscpnthlkbkbrybjbklqlzkzstkid.jpg,1,3
ceozklyaiyxgecshtygxhifbdvrash.jpg,1,3
lwdnrpyfvdowhgftrbjzkbjgihcfrm.jpg,0,3
swznuvuchfzbzwfriqbhjfcprkapfm.png,1,3
dvrxczrzjwjgyqgfgegvhwnbhathms.jpg,0,3
nneqklgzypswfswxvxajouvovutrkw.png,1,3
ptlreprconjgzwytlaakxutkxcyzvs.jpg,0,3
opitzcdsxnaudhsskebbpddfrizcmb.jpg,1,3
jkfqejidsxcwhluardggqfzwxldbah.jpg,0,3
ggdhjmbpjmsypnhoygnjazxmmiajoi.jpg,0,3
llzvwiafucclynnqdfdelujavtdbku.jpg,1,3
ahxmuirkfmvybugologcdxlconsfbs.jpg,1,3
ukvfunnijeluxotwajuzosecxipniy.jpg,0,3
zrkxxmwsdwtkitrchyjjeozjdaqoja.jpg,0,3
kxfznbfvtkjmbxyfbqdsscmufgwero.jpg,0,3
sfntoccgyjyiyyuoodraaqrwetenzx.png,1,3
pgziyshsucxiixrivppqaavzpzumre.jpg,0,3
uiclughuenqkjonhhjgjclflpqkhsk.jpg,0,3
aciificrosunmvbdqgkbtchpzawkkq.jpg,0,3
dacidgvhrcgyttssxvfcsancaqkqhb.jpg,0,3
mpiyfegdfcjyqdhxblcjlskygxegdd.jpg,0,3
zkwxmjokrrqcphllpzccmpnxxxxwgl.jpg,1,3
zplysqonghuqjkeuchlpgrtvxoguer.jpg,1,3
heqiaofffcburzidjsvkjwlbkddobm.jpg,1,3
trxvghnkpgqbreqgwhemptmpxvntso.jpg,1,3
hdrkardohmljfoaejdpbpkutfrdfur.jpg,1,3
rianjvcfmoabzwbupwinprubwbussr.jpeg,0,3
kuxwdtrzeeqezotlvqfurpzqdhvlph.jpg,1,3
fwuxbadfizrgicahpdyzrdtcessmju.jpg,0,3
imywhylxbwhithtbgaqspdvumnqwxr.jpg,1,3
qzzmkojhpgzvkvqkaojqmuxyvmblpv.jpg,1,3
xggkpsfdqlrytnyzcyielxldjdjqxt.jpg,0,3
qpylgrncyrmbzakbzfeiacilcnlycu.jpg,0,3
zrgfntovqjzmrenvndkyfqskmhoqbo.jpg,0,3
ifxzqtqiynrhkoaqlpnuoosxksqxwz.jpg,0,3
iegowhssjdoeqzatoxziigkwceyxzo.jpg,1,3
ippggmhmertgtplyncbzjrpdwyzlux.jpg,1,3
nolhvpfsjjwhuwpelqsbxynlzzryfy.jpg,0,3
vnqeuddcqwuownogilxzpkmdcrazva.jpg,1,3
ymeikcmamddmjabgygvrqpqiazgeaw.jpg,1,3
bxeaxkqkamzqcdfaajiybvvxvqkmil.jpg,1,3
kamgyhpvfmaabzbahljxxmqgwrlpae.jpg,1,3
dqxbhahwtsftpzeyzuctzxbmovacgz.jpg,1,3
zkbkralkxupzdqkcprtjiopmabgdox.jpg,0,3
gqyiqggsgtqtmwpjtctzgajzbxlebs.jpg,0,3
ikzfewrnprjkjxqprgrdpyoambtfzf.jpg,0,3
yozhlehavjvknybfuhavqvtflhfgnb.jpg,0,3
vniffeibeanebbexisydukdulrmqom.jpg,1,3
cbiddxjkuflcqhqbzesnsbjaljwlxj.jpg,1,3
zoptssyykrqwylautftdjjbgujmiig.jpg,0,3
kvmbftolilmezbrtktattngwlqxond.jpg,1,3
drqvhgjwrpsddpddweufwsmkgxsljd.jpg,1,3
lvcugzzbmxqjlxosdzsnvjmytmcsip.jpg,0,3
lnfpehvsapfzlwgnlvtfhsgivvuena.jpg,0,3
dxulyaoosgkinkmpmnjukqyqzwvgtn.jpg,0,3
uqlcokqgloihwpwujmuhrqdpnyuxlm.png,1,3
jaiwdfbuaeqthiprtardkqpeujhzfg.png,1,3
jmhkcysyccbltidbhhulrfrcuskgbj.jpg,0,3
xqrgtnwepjqcylazohkvbinrtudlns.jpg,0,3
vqzhowagxtpegozkgtrhfiwdhwvjkn.jpg,0,3
qzapjaioinobcjxrgrwixsdzkfdfhp.jpg,0,3
captiqioqqslxlipgqznzxtpwzevls.jpg,0,3
gglpwfczlsqndffskujhufshlgfzqp.jpg,1,3
kierltglisujqwjvbyljhpnhoclufb.jpg,1,3
gqvlpcoulkstqqwwosnyykhlvxbwtg.jpg,1,3
kiwebmtvbfolhclghcbcdqijihdrdh.jpg,1,3
uceyzrlbtdzbqhiousxplkcrbpmrek.jpg,0,3
uxykipqshvpliunxlldynrpskpdzeu.png,1,3
lseyyusejdwbevjqmnrctmdrxjqzgx.jpg,0,3
nwtiibvwuhuhpxzitxjjdagnkfizlc.jpg,1,3
emtetjfvjynygrlylqpjgycqgkndtw.jpg,0,3
xfydzktuxgnvvjbtvrsbaqsfrrssef.jpg,1,3
uouhrvydvzwjhdidtrnbfoqcmutnnw.jpg,0,3
gybimawglrtzozisflzbfehsuxiooy.jpg,0,3
gkxlskgoqgmqkdsgnelilksjyucgro.jpg,0,3
njrssmehjwaofuatvwtfbmqawuhyyx.jpg,1,3
jmqwkyiohzkarrxwjmirgzppjotjxa.jpg,0,3
ppjjkxzjbdwgtabruxbuoaozygcbpt.jpg,1,3
pzoassehtplnfkhaxqlypibxxpaqre.jpg,0,3
tudduzwurtulrsbunhukztfhckewls.jpg,1,3
nbhdqoisxkcoozgkwyuwcjehniqxwm.jpg,0,3
autgwhcjgvsfakpitnsnrokzbcglon.jpg,0,3
lnrqzpgatuqropuueaczkgaypzrlgr.jpg,1,3
aqkluebfguwjhfdnbtawdmdqodyyeu.jpg,1,3
zzpcszmvsjybewpvgdrrxuqghfgpef.jpg,1,3
cqhlktnhplqxefxijdqwvatnmjiuox.jpg,1,3
bszfernptnnwfktzdwxzpymffrfvtd.jpg,1,3
rqzcwasesgqerafyzxxidrmpzvdynk.jpg,0,3
ejxavuqtingroxooeqduqpnvqlugox.jpg,1,3
jqrajcokrrzcsedfkrkhzwwpdkamyq.jpg,1,3
hpqcpfrxfbtbfdnislyooeeiyekmcx.jpg,1,3
seukgcqtzivrfrmwkiptgtqqlrujvx.jpg,1,3
wfgjfivjkiitifofauuaytyeaxrrll.jpg,1,3
gmquckbspnnynsvwiuprdeuutxcwzy.jpg,0,3
krvzqzlunkaseffqvkvryniendykfg.jpg,0,3
lhojqfvhrfwmodaowocjgjcaczkzun.jpg,1,3
ksbcapahwolfkcimlkyevqxcnexics.jpg,1,3
sewpbsyvoslfvuefcbhbaamxdaknht.jpg,0,3
dpyeigsuhkdzjmslxzpnuomzhgghqf.jpg,1,3
vjvkdjarjsqwnoqmflxlkpeyilphcf.jpg,1,3
oxscmkbbcgtjxjwiimmlnyvtmkcuel.jpg,1,3
ffstpobcxhdierscaqhreofaxiliip.jpg,1,3
niaxfkfesixkvwlpwonntlqqsbrjor.jpg,0,3
libzmjtyslyixbupphdsmjnidmnuhu.jpg,1,3
ofuvedftjsveczvitdzofbgtlqjezl.jpg,0,3
iavowbmvkaaadzalntnrfyuwjclcyq.jpg,1,3
rplmzaccmemuesqysjbrcfkmxlzsdc.jpg,1,3
bdfsxxapztrhbmnjjxxrxpnhnuwzxk.jpg,0,3
euaxozalqcqmhzyvxpiihzcvfzpcub.jpg,0,3
gpjdwopftszmosweyaapcvnamyfxso.jpg,0,3
nhbabiosquchymecbfjyquzxptgcld.jpg,1,3
akrlmivoxlpffehvhrxrjgrntipsel.jpg,0,3
kfonflqwzjoypdteyfienebvkryoyx.jpg,1,3
urtdruueegyfycvcdknzgyocsghctg.jpg,1,3
mzgyorbrsdhjrrrfbrfigomygexgth.jpg,0,3
wyhxqmozvunxrqsqglhqqltfetydks.jpg,0,3
kzwgnxvlaqdtskemzyailcwqtknjvy.jpg,0,3
mshiwmufbboxbmqnxxnkvduycxqxpw.jpg,1,3
bumetltzkxhqikkcvtewednjvxkdxt.jpg,1,3
kqihfuctnngjaelqetrinzltnazdmf.jpg,0,3
fdmqoopxbplrqdgbjsfsnkislltona.jpg,0,3
ogzhvivlbwtjpilkrvnolqkndpwtod.jpg,0,3
mlmokfqnunuozvcadhcaijoxpwmgad.jpg,0,3
acrbwwcknudlvwfjvfbreeatynhfov.jpg,0,3
xvuqpghikwtbkqktzotnqwmynfveii.jpg,0,3
dlvyrcgnkszeodhqrtdqfietiaxpgc.jpg,1,3
tjnirjfuwyulpykgpymwnhktcziftj.jpg,0,3
hclashbzvbpoddhniowbyasrkaiwlo.jpeg,0,3
zrvlkvltdwxhiglpuocpaqgiqnltzb.jpg,0,3
iqpzuodtnmpojwmknnqzqojsrmpvfi.jpg,0,3
yhwfqbloqnamhnayqbcbrqhpghliat.jpg,1,3
ekmlxxoresvqgdmowrfbpzgwrfjbhk.jpg,1,3
xqpenvrsqzvtxzfyrfcdezrzrrzysb.jpg,0,3
lfksbuaqwrieayohbfptmumbfjdebb.jpg,0,3
cporvbdxoqrfixolhjekytjjhfaxak.jpg,1,3
cqdjlrayzabbezezeorfytdclhhsao.jpg,0,3
gtzurjavpwvdfgkayjdynxafofdyia.jpg,1,3
yuibmfqdhsawksrekgfnpynmttuirs.jpg,0,3
fdvsetdagdudjtstnbcxbcbqkvfygm.jpg,1,3
cjwpnfekhljhtuetdninpdgeqdewqi.jpg,1,3
uqbjmakxqbdkhskyamydtiwlkstpli.jpg,1,3
nkqxnxrgfurdeisgzhkalmatlrdxxl.jpg,0,3
wftdonqpkxawrohepkiobwmkhnkgtq.jpg,1,3
zqnjslbgufdovwfmrjskyqyilsadsq.jpg,0,3
hgnrxclaqbyniafndxadftlzibefwx.jpg,1,3
auykulkvfqecycisekctygdvygjhrc.jpg,1,3
jlxckhwvzjrwpqolkwymqonfhnuqir.jpg,0,3
rpnarsepjmduabxaoglqtnlmnjurzm.jpg,1,3
vicsvtopykjpjxindgzidwuvncbygv.jpg,1,3
jqzvpqasufhixzxrepjifghcfdsiwm.jpg,0,3
eplqsimumlncrsppcvakbcztbqgjkx.jpg,0,3
swaqwcqegdlzeqtkhduvjassjpgskw.jpg,0,3
hmxlvorxckkvgfoilmkjcqopybnyxc.jpg,0,3
vlaprkozrjwhwcdcbzzvlzleiagwlr.png,1,3
pigxwyovpnuqyjahjpvyorgxhbighr.jpeg,0,3
lajopjzalvfqgevcmemscyzrmtbreg.jpg,0,3
oeleqthivpylwbdjuoycbcogfmetxt.jpg,0,3
lbiqrmksaxzxrzlebhqldmcptalxtd.jpg,1,3
uvkgypcpwhxzecewisceyqvgqrlyry.jpg,0,3
pfutfxmybthfstflqplbghxjwekymi.jpg,0,3
ufxviypazuqrnpgsdicdpuhxngbusk.jpg,1,3
vszafuemtbxcbdkwiconlqqgehnpek.jpg,0,3
ibniuopkurdvevhnmseizirfivlkxr.jpg,0,3
ooekdkrhzhpuugrwbaswapsjwcidoe.jpg,0,3
hfapbkmzaukgteyznxzekvlnopjtpl.jpg,1,3
kjrmigjjrknhnsepposyepuqzszasw.jpg,1,3
jprjbvnjvmnancimajwfpwvvnezgxb.jpg,1,3
wocscofbqalhhdcmyuxnnkgqassbmg.jpg,0,3
qcfxyjxbpeohycruppgrwrbmmgqhap.jpg,0,3
mmyzpsubrlmncomjiljweurkyxwtoq.jpg,0,3
stsewrjwgukveafjkbzjljawezvuck.jpg,1,3
ocvraqvlvcbftlvhemucifqrtkvxgx.jpg,1,3
bbjxnuqmvboqpfkaphzvtzsocoyxri.jpg,1,3
crpqcbskzewheohrtccujmzcpbibmo.jpg,0,3
mgtrtptwtgsplvsjpaglyvaxzzmbrw.jpg,0,3
vrjjsujewecjybqxmlmyblvooodgzm.jpg,1,3
gmmctpebnxdfvykbiasvvtcshrljkm.jpg,1,3
sfbqiftqsrtklymfhjzytesgkrhhux.jpg,0,3
djzcaenuiuyjxjskpdwvsfoyffajpk.jpg,0,3
cbgxdkgquywmdaapvjgfdwigfoxeix.jpg,1,3
jlbgcutjfnyqsascrbcoofkcbhplxt.jpg,1,3
tmirwwzjdugzeynzmzomdkorexluiu.jpg,0,3
ltzllosqifwqjsdsplvhthkbyhcssf.jpg,1,3
savapdstrnvxewmtqnwbqejymftyqe.jpg,1,3
iijseyudfkzffnbewegaliecspsoje.jpg,0,3
weptoxstkbzacxhukduszypyhqxvbh.jpg,1,3
eaxmwpspgnifqyfwbzbocbzhnvgyzo.jpg,0,3
ertrdwzalmofqmiykebcdbzamuvuag.jpg,1,3
laqhefejpknhdmlzkfudavqcqvhqlu.jpg,1,3
hxdjcucrbkceqsqysitigyegxidzik.jpg,0,3
utedtuuathvzhxpzxinudngjishbbp.jpg,0,3
wqaiekszkxpmevwfsnulgqntawluld.jpg,0,3
cswbdmyixhgdmijgyjubfspitwdchv.jpg,0,3
mebismqkzkqqhhyeyufzwufifxkvgh.jpg,1,3
sgbblueahmagbohfkssucrioqtmhdv.jpg,1,3
idzcsuscitfkvavpondzbzedeexnkl.jpg,1,3
gvffkeypaoiwhtdwczabeuqtyiugtr.jpg,0,3
azazbwzigdzxxsvmcizyuqgivdyhzn.jpg,0,3
xqjultlkywteeyuuxvtcfmrwqatbkd.jpg,0,3
wniqycuybwrxtepmmbziebuyxxrbsu.jpg,0,3
cjudleddqmenoqztjyfirsrzlctcgn.png,1,3
heagvsqrcarbiqiadaefbecybcehmr.jpg,0,3
ylpmuviirizhvbbavarakofbdlvxgd.jpg,0,3
ayrhyxisagkltdwypeacrdwucsnues.jpg,0,3
scinyegbsxvszgingldfiggswajhji.jpg,0,3
jsshpeconezopjazqepucqtvkuxkyn.jpg,0,3
knksbcprgvtefnwojmwjjfgunjbcfo.jpg,1,3
aznaeyueexqslcxxsdjtmhlxvaqfqe.jpg,0,4
sgdlskiyhvebaudsqlfszyslohqolp.jpg,0,4
izgyqexjdgyxyelbuoyefqzpjqxhzd.jpg,0,4
mgghhrcrbxjdszfylgolcrjsvelhof.jpg,1,3
ksfdmiebxcibuqxlbtolqttmbednwg.jpg,0,4
mzbnflvlipwxvzzcyrhphjjuqosdws.jpg,1,3
iehmewhtlomanneoicvbyjonzzcbhh.jpg,0,4
axgzuajfnlaucpbqcaefhqeczaeebl.jpg,1,3
ysbjqxmnejtmiwzlgqgtlnryleidye.jpg,0,4
lwjwlmveemcgzsnugqxbyflcaydqij.jpg,1,3
eyzpghuongisnbaqoireqbizfxffgg.jpg,0,4
pprrewdbyvocdowungzgnyvbgeehol.jpg,1,3
rldychejdhgkktihmgwbrxbqeudjlj.jpg,0,4
kdlgkrztwbnfdwllyppfqiuisybkca.jpg,1,3
vluvivomlrbucplxubnnjjnqrotobb.jpg,0,4
wvauzdfgrycpbawdvmdvdddklmoqtt.jpg,1,3
czbfqnlbawoxoekelhsqqeelermwqs.jpg,1,3
irwhkmmswgdvozfmrsjljfyihvcruu.jpg,1,3
ikmfldaptchowfrgmzrgssiqkjicyw.jpg,0,4
xplnsocurfzjaqwmklwdrqhrfkkagk.jpg,0,4
goqvtxrmmybbdrlchmzknkpkikevck.jpg,0,4
npflwmbacyzuopbqgqpxeaghyajzer.jpg,1,3
prkrkappwvvumujnlzbuicfjskwaau.jpg,0,4
qgdigudffnrtrqvwvdaumurochpnhg.png,1,3
jdluhmkgwrndcbpakuejejgozwnhrk.jpg,1,3
sqaxzjmpycobmrweovtrzdtgmtmzni.jpg,1,3
rwefzxdnwnkvashdcnnusjfhdkiecv.jpg,1,3
aaqrdyfhhsdwjiykofhsexfdamezlk.jpg,0,4
wqbxzcyqmqwpmwrzufwehothqavhtx.jpg,0,4
jgzycszpnsyqhgdbcqbqeljhleryjv.jpg,1,3
khdcliwjetecvwebzsjggjweptxhab.png,1,3
uxydkggabzowknogwrfvrtputpjdjd.jpg,0,4
dkmgufimutebgluihdujtpdyrpwsto.jpg,0,4
zypzolrfxrwpsnredtykrepzarfyic.jpg,0,4
xrgkcgvfxedwmzjcxertwhrabzyfek.jpg,0,4
ycfdcxuyjfrmdduckgbhndndkmwund.jpg,0,4
tgyqgaxokskjyrfzzhmwjhzjarggwn.jpg,1,4
vhjiqpyrnbukoyftymlxgjyfnmwuen.jpg,0,4
dkdsvadunhgyrbvvkqmxngleibpbvl.jpg,1,4
ieogzamndwfuoojnrlwwiqzaljogjt.jpg,1,4
zlkljhorpizivmudyemiiewjfctlnz.jpg,1,4
xjrjjqvtylupyblgzghhuebfbhvvjm.jpg,1,4
ghmijyiesngyvgpegpucabzamjblhg.jpg,1,4
pmyubfgfrollnvldxlsfuyiktyuctc.jpg,0,4
aldgvqgvvubfsrpqadningpwdwwjji.jpg,1,4
ugqjoblxdhmbfgdlbgmpzorpuzhpaq.jpg,0,4
rzunvltrzlytruultkysvgwkdxcagl.jpg,1,4
hjnduugmtqaplhzparygqzacienndc.jpg,0,4
owuysehbrtkkrcgjaocjtjbqeidthp.jpg,0,4
ihwakqdabfdfnixzvcmnqcjtpaevcl.jpg,0,4
hpkriaejvshjgceilcgissdbdjkjbc.jpg,1,4
kilmfvixgbyinjaarumtpryqvqvluw.jpg,0,4
zvwtedjjyxckozhbknswxqynebmkeb.jpg,1,4
aalpjcukdicembbvukraexfyxkmsnd.jpg,0,4
lclzinfcaigjtheunghbgremjehltf.jpg,1,4
bwrmkzlhqvmecajtmfvicmankqhpvk.jpg,1,4
cretuknwxxgomuvfyqxmufphbiomzm.jpg,0,4
pbrychhemdwfepmzxrpsrvqjwvjvec.jpg,0,4
gfnnwwospjgyqghrcbknsqjogxmiiv.jpg,1,4
bnefzpazanzhkwwqmkqfrwejnfrylo.jpg,1,4
xfjcfajxezguwihtaskxrekkfuhmzv.jpg,1,4
nyfeanbdpmwuzrvfzpdlonfwdecpqf.jpg,1,4
qwcvcqgdcauspyspzvmkremawkbxrl.jpg,0,4
svcdnpquqnpyvoclkewomjomiddkoh.jpg,0,4
lrwaaxcbcebsfnirarhqukxnhqbcpd.jpg,1,4
bhlaxcbmkuzxpudcoliyjwbjfgzped.jpg,0,4
wpyvgvjhybaljtzduconhborbnpcps.jpg,0,4
hhzjziuzpzjalbviclpbecvjqrclee.jpg,0,4
tgbhofyexzbzarosgoeeexspfurunn.png,1,4
fhvdgoubvfcgxjujffdgyklyosgres.jpg,1,4
jkwbefhuwqejrxzsnszavfhqdnovgh.jpg,1,4
fxabxelzigxmknqqpjmwxczofzhdxi.jpg,1,4
dtrlwzntgfeyuzgelpgqzalycwterw.jpg,1,4
jjrvufzuvhbrekmahtgbyvsaipesyh.jpg,1,4
ptuyanryjcvdnfwkuyyjzkriehsfnb.jpg,1,4
lajbnufbsilkdlkzsrkjgvfhyielzq.jpg,0,4
vgulebonunlzcfdxqukbcwdamverae.jpg,1,4
ywsfuixhgjggbnivmbycttvricdmgz.jpg,0,4
aajjpjqlqyywucvkzuwsqpbxxyqiih.jpg,0,4
azfbfdfqkxkktbfwafkalnkguaxfzj.jpg,0,4
jcsxrpylhqlwnltbqngzzjeemcdkbb.jpg,1,4
smjjwgyxrvpedxzgdgdxmadkzjhxxb.jpg,1,4
htxzeentvvqcxqchlxrytlydqighzo.jpg,0,4
bzrsikipeicitszmwmfqytppuajwiu.jpg,0,4
kzdiezepouxsilvucuvngokzejbukx.jpeg,0,4
ccirxsmowrnvtbuuwfxzbilufxhmxg.png,1,4
zaictnwytvlitwhuwxjvdgiycdiooq.jpg,0,4
jovhexogcwgvnpmqopkxgqutngejfr.jpg,0,4
gngoauwyvtrnomekbcbhqmrfcubent.jpg,0,4
gsjyikrwaodcitgrgcsalsppuceamz.jpg,1,4
bplxokaadmxrmwucjvwtoxryickzve.jpg,0,4
dgvpyfcaevlthqplomgwuhnoajuwye.jpg,0,4
qapxcqfrgijwglglflejcbunsraccx.png,1,4
dqhgxnmlcyindyufkvtbxzhwmwgbum.jpg,1,4
gnclxgzfgljkgxteykrmjkagyjzxsb.png,1,4
baecitodgixqzomgkuuixhtpxalmzi.jpg,1,4
wbvyywnkzckcygjoslkxhnvaipouce.jpg,1,4
qlwbzgvdyqwncrvqzaezrrqlwuugdp.jpg,1,4
nlheedlkmkykfflvozfmhyjovvyxhw.png,1,4
cvcakuzugpciyrleluofjxfnyitkpp.jpg,0,4
jalxzrotsgpawelahudtocqcacffqg.jpg,1,4
tyjketzmddoqeyperybgkylbvgfgjf.jpg,0,4
cjzsootzherxxbjigvhtuywulkizoj.jpg,1,4
kkkjkaheyowlmcjdtsnewomlijcerh.jpg,1,4
ngeicxstlcyqivhdvbzhmpxxwgunfd.jpg,0,4
jznokamxqbgrgbqmtnmgelssgyaseq.jpg,0,4
hhrnkmszodxwjwikxbsmcnbwrddvgd.jpg,0,4
pkyimaglbzxkstjmaphqpravyqrmqw.jpg,1,4
lspfjglbboetoxthhqeevxsyvdoryz.jpg,1,4
evwjjlpbaiqsyxtsmrduitjsswxkje.jpg,1,4
xbfsgrgojkffhirxtovumcugujpjvx.JPG,1,4
aveyxuohexvwmtgiqqldejobxhcbru.jpg,1,4
pkqkhnmfzhfkuhqlmgsymsmkzdbojd.jpg,1,4
dsjbrulubqhgnczbjaxjgpajpwdclj.jpg,0,4
wbikzcncuacqyqlqcmplkqwhhbywis.jpg,1,4
soymqxhbdybqmzvycolsgvkovdejvd.jpeg,0,4
ngdmtgmqyahlqjtjdrscolyhwxijsw.jpg,1,4
moaxnhyidgejhztzrwsgqdzdrrdpbn.jpg,0,4
jvahlwpbuqajffrwbcmdvjjthkjfrl.jpg,1,4
tlxqlatzdxqoocgbfpvvatxxqosfbh.jpg,0,4
ogtkupzlrvufiponfimdpeocnxhvpk.jpg,1,4
tfymlmdkpzkqdjhdxyhnoeuqszxphw.jpg,0,4
afolbmlyqayubtqtlsqdafbvzreajk.jpg,0,4
imvxweirgozaxbythelnmuqpqbddqk.jpg,1,4
dxvvzecbbpshpfoygmhuotnlrrbtxu.jpg,1,4
pxugxdakuyebluqvwhhmtavlevehdq.jpg,0,4
kitsyjvhlfnxphzzcjmyangveqzams.jpg,1,4
tkcbwoixofmaolntmfvliienbdofdz.jpg,1,4
sylgsucyayhotkvwdqjbmlanzvsrym.jpg,1,4
zoewwordiiyoueuztimllkvftkkobh.jpg,0,4
bwljrrnypwhgdnpqumlueqlfdfoseu.png,1,4
aeoznpwjxjsawhiousrpjrxmeltnkw.jpg,0,4
orvfmmbzokxrfzzebqwhmdxtabiphp.jpg,1,4
jhhtcvigjostbkkgggaamtwzurnqer.jpg,0,4
kyejdarnvtaediutwflhgfdadtwotu.jpg,0,4
lkzeblenqbovljxpucpsufmprjxxqn.jpg,1,4
ngmqcjlkqzshcvlcnnldgplqvmipee.jpg,0,4
fusqppukkoqlzlqylwaoenicbulzhk.jpg,0,4
xzvlzjlpczribdyfnqrvfqwyvxpchu.jpg,0,4
rxkqkebkavbowtipumptjapqxilced.jpg,1,4
ekyurepahzoaxcofcxlnjlwebjzsrt.jpg,1,4
lvpociypogdmfiqxdsookchsiplbpz.jpg,0,4
fxkkripbvitiqtsukplynjrmychvrx.jpg,0,4
nelgcozrisbayqeopmnkjvutjwylwn.jpg,1,4
fjmhjzkfxneibvblroehhjvukxmbct.jpg,1,4
hphgwudyfwnedmmpjzzwkbxrpbuqis.jpg,0,4
vypoagcvlqcuegrqhsumgvfezwhide.jpg,1,4
wtmvoqstegmdmmkewhumavgdggpoek.jpg,0,4
akyftmgsubfqvneoxaoclhwwvtfbjs.jpg,0,4
fgftnknjgcslhmzvgzyevuwbjvmolz.jpg,1,4
azkbnpwcbpgczhrrxakogdmhqlbzzd.jpg,1,4
bpjgrawxmtctfhcujukasbzbnuphee.jpg,1,4
ikhlomyatxfvjjynfgpmyquiqlzufq.jpg,0,4
agjhrdfqyvzjoivmtbrvshymsiqocu.jpg,1,4
sucwpndvjowyselnhnlehcnvwnkgxr.jpg,0,4
ioxptdqzysfomhodpsypfeyoopumwg.jpg,1,4
kepfpmdawxispabidfriatsqorfdyq.jpg,0,4
qyvooeiowhdtwdvlfvakecwleukbvb.jpg,0,4
cnszgibvpzkbpwwypnwqckfjybvezl.jpg,0,4
mcabddclpgpdhsmbbhxcxjvmetthjh.jpg,1,4
oyelzxrdyefofcyveazssrcbkjdeml.jpg,1,4
ymdebxtkxelgjcfcjjpmhfudampdxj.jpg,0,4
fwxxyrdpmsjwreikgwnocqleeytefi.jpg,1,4
cnlmaezsbsykjrtguadjaevcaqhart.jpg,1,4
chmzrwqfqjxakeopoegnmpacmeomri.jpg,0,4
umxpjanzgwhpnxfvapzdjtqqigcqks.jpg,1,4
efmhnpqnpslwrheitqwdjiggqvjzqq.jpg,1,4
hmekbeggwejgmeyiyeikmfmpblypqi.jpg,1,4
onckvuntvxaqrotcibtmkgyhkmlfui.jpg,1,4
enpkviardsazgyepmymcseehqaadeq.jpg,0,4
dmxqloymxorkvxpgnitpmpuosewzhw.jpg,1,4
dlwfjuarrbdhmyqmvivmigwogbrvve.jpg,1,4
lqllkwuuiizdblmgqvsumboutwycbh.jpg,1,4
mxgczbrygsbtzvgotlkdhesmzbmhdc.jpg,0,4
mylvywurxdiisjkzjrzewghowfkpye.jpg,1,4
kadiyluxuyrrrbskwhfrdgwcxylovd.jpg,1,4
trznnzsgehbbgjcerujbkvensmguzf.jpg,1,4
vadaiomvxyhfgnhwlkzaoxhjsmtcwd.jpg,1,4
lwneqjfaulignkrnobdcadsciylmcq.jpg,0,4
knpmsdjjupafsfktgfkvighqgvqwbj.jpg,1,4
ephswqkcpeioizkuebvyoryzafttzl.jpg,0,4
msiigywzihqnqtrdcsdkdzpgeyylyl.jpg,0,4
lbbmpcbdwgdbskcdmsanklchyknuig.jpg,0,4
fviuatnyidoogxihohcslvxjsvqbrr.jpg,0,4
dfdwmbjhcgucbnbsanowgrsgticryg.jpg,1,4
hdkrlyaphygybkarupttnzhzmopelk.jpg,1,4
yofhmxuuokoslofrnscuunmtvvjclz.png,1,4
oejfnbmtyknfxtrneqhkwyraidkvwv.jpg,0,4
gdaerivtdrevgzykzxkygfdxnonpvc.jpg,0,4
dugilrfchbpvfsbojwitoywjprqqnp.jpg,1,4
lpjooozrbgoutstfqjmjjnmbfdhyxq.jpg,1,4
cbcxffrtsrkmynokplvgcehktbftyw.jpg,1,4
ziuzufbanyqlkteylhzypvvgmkcans.jpg,1,4
epnrpsjgdleufervdcbkrtgfnnbfzy.jpg,0,4
vtdmprftpswnzxwrgrucszdhsnehla.jpg,0,4
uozhapkotdfjmqorabdluvgjnwkmml.jpg,1,4
fnnyhmbbxyapetrlgvdlkgfylxxqfd.jpg,1,4
ejlgvrdessutninowqefntjvkjifpe.jpg,1,4
novvcdiisxcepscbjetnopaonzummx.jpg,0,4
prabntxtvxhcprddkcjphkukjnhkqk.jpg,1,4
blbabryszqrxysxftlqxqbpxowwxuc.jpg,0,4
bnsstzvjlmwfeypiwmkcpdcnnftsuq.jpg,1,4
klgavzoztlcdugackgmjfvkptmzaaf.jpg,0,4
ombzwbkxvmpafucqwcuyyyuyysmvsa.jpg,1,4
buulolwbdhuiyrqgaiteadiljzosjj.jpg,0,4
vplmaqntbpbvyyoqixjdvtipaqazjq.jpg,0,4
uwucyjocqumbezaldglwpluscjzyno.jpg,0,4
ojujwjhiizzvxhcmwlkaqwqqibiand.jpg,0,4
wxgzvierevhtojakpqfsrlfhaqjdbf.jpg,1,4
virwglzecaaogidwkiqeimdcsuyngq.jpg,1,4
teroetlpnnedamxzpznwalwxrqzxwl.jpg,1,4
vmjoagqsocvlzejinvgytizdxpbhzf.jpg,0,4
znthmaqunfjqsfybtixsphzivlxubg.jpg,0,4
tqlkdrgyxadrgxdsteqndjrsdcpzry.jpg,0,4
rwmfodrxakkcyyulinfjpgaroaewbg.jpg,1,4
yqjgzjfimcosaiooagedxshaqvyohm.jpg,0,4
zwraxnnikcsbxucagwbyzvqyckwjiu.jpg,0,4
rczcycvupqndlbjvioiphpketniefy.jpg,1,4
hqfzdsgslobnqxhvrhbuoiowyghdfo.jpg,0,4
wucmpjefqutxiadolljzpiqrkkcdlu.jpg,1,4
qawjsxxbmzgsmedxrvzhvahwrcyglb.jpg,1,4
hqoqahbsyglomvxyivijhnaoywfhov.jpg,1,4
gviiddyxzzxeahhufylmqigymemiar.jpg,0,4
pmociluihyptefnqdlihzzodiczkso.jpg,0,4
sqffxaqqfuaaglwszqvbonxkqvubea.jpg,0,4
evagshnpvvgtrfpffihyasqsrdiwpk.jpg,1,4
iqcjnyjecbuqnswlixwfxstemuhnts.jpg,0,4
zqkcdbvwkljllfbecryuitzcmcieij.jpg,0,4
thuzhkgjyvcukyyqiyovrpdyndvpcc.jpg,0,4
ngkiehguuxbazfouhoackfiuznglay.jpg,1,4
igaxgfwwglqtqhlptcpwyhxfdtqtmw.jpg,1,4
qdwzxivuebjdrugykudddewkursusc.jpg,1,4
tdwhrpiruczqauiafkjqakqtmsazwv.jpg,0,4
eeqwbaulsufnzyosiyusetoxjpnkvn.jpg,0,4
pueoruxicpinrqmhckieebldxnjkyd.jpg,1,4
etwqgdkqabjtjltlscecnmqulvdrdw.jpg,0,4
xqlhqrdayrmvhatrqxosemhrwrqpcx.jpg,0,4
ljkyoarjjsfzpguocnnmteqqidnztx.jpg,0,4
udrihxpesafdlhzdgdxyrkjwxluirs.jpg,1,4
rnacbrzxyufipfgizhczrdynwxgroe.png,1,4
ybzmqqlodkrvbcsghkjcxwdruopemb.jpg,0,4
ogpkmpgergkqvufrdjwicdwwweagph.jpg,1,4
ggyhyjsskaumafaleouvuyscinpfyl.jpg,1,4
xrulqhbcbggsafptdvbuujqpyhejpi.jpg,0,4
fapilwermttlugsicjndwiipuorfvh.png,1,4
cxqpaaqtsdapvpcoizxcayhyfykmjl.jpg,1,4
nromedqmxozlyxrpnjncndjwzohael.png,1,4
zmmadsbdxxoxfbalhhobqlkenyyuao.jpg,0,4
hliwxrvmssilvybjbccoaxecnltylv.jpg,1,4
xvmgxuezjatrlkheuhyptaqnmjxhma.jpg,1,4
khtbxzclczktnqchxmxfvegnyikmqi.jpg,0,4
fdbhnkispxlueshxexbfvmlwmyyudb.jpg,1,4
rksqzlcxasvmtjrehpakncdrkrjpai.jpg,1,4
dpdeuxtkwvguedrtkxpoqhlzmaaprz.jpg,1,4
xjrypbpbkifvjwlfvzcrelfgjdntzi.jpg,0,4
yljdpfqmmxqcwplvtrqsxjoyvcmleo.jpg,0,4
utzvwqquncnaoturaibrafowtoszck.jpg,1,4
bvzojhjcmtfccktnbljmylimgnfwsb.jpg,0,4
jwliddyaqutvydqftfxgxzdmpyokii.jpg,0,4
gmfqxdujxlpwhdyhbpnczckmpdybfi.jpg,0,4
gdcoqmmdamygotimbpptsrdkfgncxr.jpg,0,4
udwpugycasnjnievqfcquptzxoonuy.jpg,0,4
udfpsenomwrxrlupdgqmjuzbhfpapx.jpg,0,4
mmcdwnrfqloagorzowwuhshdkqnqwi.jpg,1,4
rxgbwdnfesvbcjpwxccmwmujsjubwz.jpg,0,4
awhhryrsvjdvwoncwmfdvoswcfzgou.png,1,4
rrrhcduxrxxaxqulttmpozxxprkcnm.jpg,0,4
ccsqimshvulntrsulqmquamhgqdfim.jpg,1,4
jazuypnasxhgsmorvnhuvvgljuujky.jpeg,0,4
qhhbjztpiuxraspbwbypjjawhfafoi.jpg,0,4
jeboojkgogozhjiwalokxhyjzscpwq.jpg,0,4
humhrwpblbiknlpjhpqwiwlqlujsat.jpg,1,4
pqugtagfwxxcznsbiuymvdafrbbvub.jpg,1,4
bhyajkefrzixtsylypevexueyjgtky.jpg,0,4
kxkdbtbgzwfhblawawnnvxtqqqtlro.jpg,0,4
xbzxgaxbzcfchvjoiqyrrdeofhnpiu.jpg,1,4
